Date,WB_GOLD,WB_SILVER,WB_PLATINUM,WB_COPPER,WB_ALUMINUM,WB_ZINC,WB_NICKEL,WB_BRENT,WB_NATGAS_US,WB_WHEAT,WB_MAIZE,WB_SOYBEANS,WB_SUGAR,WB_COFFEE,WB_COTTON
1971-01-01,38,1.6000,129,1010,617,285,2932,1.6000,0.1800,63.6000,58.4000,125,0.1000,1.0000,0.7300
1971-02-01,39,1.6000,123,1020,617,272,2932,1.6000,0.1800,63.6000,58.4000,125,0.1100,0.9800,0.7400
1971-03-01,39,1.7000,123,1144,617,284,2932,1.6000,0.1800,62.8000,58.4000,124,0.1000,1.0100,0.7300
1971-04-01,39,1.7000,123,1252,617,284,2932,1.6000,0.1800,62.5000,58.4000,119,0.1000,0.9900,0.7300
1971-05-01,41,1.7000,123,1114,617,288,2932,1.6000,0.1800,63.2000,58.4000,122,0.1000,1.0200,0.7500
1971-06-01,40,1.6000,123,1074,617,309,2932,1.6000,0.1800,61.4000,58.4000,127,0.0900,1.0000,0.7900
1971-07-01,41,1.6000,123,1115,617,318,2932,1.7000,0.1800,61.4000,58.4000,134,0.0900,0.9900,0.8000
1971-08-01,43,1.6000,123,1098,628,323,2932,1.7000,0.1800,61.0000,58.4000,131,0.0900,1.0100,0.8300
1971-09-01,42,1.4000,123,1056,639,311,2932,1.7000,0.1800,61.0000,58.4000,124,0.0900,0.9600,0.8300
1971-10-01,43,1.3000,123,1041,639,337,2932,1.7000,0.1800,60.3000,58.4000,125,0.0900,0.9400,0.8200
1971-11-01,43,1.3000,123,1014,642,344,2932,1.7000,0.1800,60.3000,58.4000,125,0.0900,0.9700,0.8200
1971-12-01,43,1.4000,123,1038,666,359,2932,1.7000,0.1800,59.9000,58.4000,126,0.1300,1.0200,0.8500
1972-01-01,46,1.5000,123,1078,670,380,3080,1.8000,0.1900,59.9000,51.3000,125,0.1700,0.9900,0.8900
1972-02-01,48,1.5000,123,1112,670,390,3080,1.8000,0.1900,59.9000,51.7000,127,0.1800,1.0000,0.9000
1972-03-01,48,1.5000,123,1108,670,397,3080,1.8000,0.1900,59.9000,52.5000,135,0.1900,1.0200,0.8700
1972-04-01,49,1.6000,123,1133,670,395,3080,1.8000,0.1900,60.3000,53.7000,140,0.1600,1.0100,0.8700
1972-05-01,55,1.6000,123,1106,600,386,3080,1.8000,0.1900,60.3000,54.5000,140,0.1500,1.0400,0.8600
1972-06-01,62,1.6000,123,1063,567,371,3080,1.8000,0.1900,59.9000,52.9000,138,0.1400,1.0700,0.8300
1972-07-01,66,1.7000,128,1035,538,364,3080,1.9000,0.1900,60.3000,54.1000,141,0.1200,1.2400,0.7800
1972-08-01,67,1.8000,133,1047,540,364,3080,1.9000,0.1900,62.1000,55.7000,141,0.1400,1.2000,0.7400
1972-09-01,65,1.8000,133,1061,538,368,3080,1.9000,0.1900,76.1000,59.2000,135,0.1600,1.1700,0.7300
1972-10-01,65,1.8000,133,918,538,364,3080,1.9000,0.1900,87.5000,57.2000,136,0.1600,1.1800,0.7800
1972-11-01,63,1.8000,133,1007,540,379,3080,1.9000,0.1900,88.9000,59.2000,148,0.1600,1.1900,0.8100
1972-12-01,64,2.0000,133,1024,540,375,3080,1.9000,0.1900,102.9000,67.1000,174,0.2000,1.2200,0.8600
1973-01-01,65,2.0000,133,1119,542,387,3373,2.1000,0.2100,108.4000,79.1000,214,0.2100,1.2800,0.8900
1973-02-01,74,2.2000,142,1244,558,422,3373,2.1000,0.2100,98.8000,81.1000,259,0.2000,1.4500,0.9100
1973-03-01,84,2.3000,153,1510,571,474,3373,2.1000,0.2100,98.5000,79.9000,258,0.1900,1.4200,0.9600
1973-04-01,91,2.2000,153,1588,571,513,3373,2.4000,0.2100,101.1000,77.8000,260,0.2000,1.2900,1.0300
1973-05-01,102,2.4000,153,1552,582,549,3373,2.4000,0.2100,102.2000,89.0000,358,0.2000,1.4200,1.1500
1973-06-01,120,2.6000,153,1749,602,656,3373,2.4000,0.2100,108.4000,101.2000,470,0.2100,1.4100,1.2200
1973-07-01,120,2.7000,153,2021,635,842,3373,2.7000,0.2100,114.6000,109.4000,330,0.2100,1.3600,1.4600
1973-08-01,107,2.6000,153,2123,619,914,3373,2.7000,0.2100,192.5000,122.4000,331,0.2000,1.3300,1.6700
1973-09-01,103,2.7000,155,1936,604,976,3373,2.7000,0.2100,189.6000,107.1000,266,0.2000,1.3300,1.9100
1973-10-01,100,2.9000,161,2065,622,1163,3373,4.1000,0.2100,182.3000,106.4000,245,0.2100,1.3800,1.9300
1973-11-01,95,2.9000,161,2273,650,1625,3373,4.1000,0.2100,181.9000,107.9000,239,0.2200,1.3900,1.7500
1973-12-01,107,3.1000,161,2244,633,1623,3373,4.1000,0.2100,199.5000,112.6000,254,0.2600,1.4200,1.8200
1974-01-01,129,3.6000,163,2032,604,1330,3572,13.0000,0.2900,213.5000,112.3000,261,0.3300,1.5300,1.9900
1974-02-01,150,5.4000,173,2292,619,1516,3572,13.0000,0.2900,220.5000,131.1000,271,0.4700,1.6500,1.8400
1974-03-01,168,5.3000,173,2743,688,1630,3572,13.0000,0.2900,190.7000,126.4000,265,0.4700,1.5800,1.6900
1974-04-01,172,5.0000,173,3032,752,1743,3572,10.6000,0.2900,162.0000,114.2000,235,0.4800,1.5500,1.6100
1974-05-01,163,5.4000,175,2876,765,1782,3572,10.6000,0.2900,141.5000,113.7000,229,0.5200,1.5700,1.4700
1974-06-01,154,4.9000,195,2440,756,1410,3572,10.6000,0.2900,155.8000,116.6000,228,0.5200,1.5900,1.4000
1974-07-01,143,4.4000,195,1919,761,1097,4079,10.0000,0.2900,169.0000,132.3000,276,0.5500,1.5200,1.3200
1974-08-01,155,4.4000,195,1803,849,1066,4079,10.0000,0.2900,167.6000,145.8000,320,0.6800,1.3800,1.3300
1974-09-01,152,4.0000,195,1461,838,911,4079,10.0000,0.2900,170.5000,141.4000,303,0.7500,1.2000,1.3200
1974-10-01,159,4.8000,195,1399,844,825,4079,10.3000,0.2900,192.2000,151.6000,335,0.8700,1.2500,1.2600
1974-11-01,182,4.7000,195,1417,842,794,4079,10.3000,0.2900,187.4000,144.1000,312,1.2400,1.3100,1.1700
1974-12-01,184,4.4000,195,1289,860,771,4079,10.3000,0.2900,185.9000,145.3000,288,0.9900,1.3000,1.0900
1975-01-01,176,4.2000,195,1211,895,799,4431,10.4000,0.4300,164.2000,131.7000,256,0.8400,1.2300,1.0500
1975-02-01,180,4.4000,181,1267,908,794,4431,10.4000,0.4300,153.2000,120.5000,231,0.7500,1.1800,1.0600
1975-03-01,178,4.3000,175,1344,917,803,4431,10.4000,0.4300,147.3000,120.2000,226,0.5800,1.1000,1.0900
1975-04-01,170,4.2000,163,1329,897,783,4431,10.4000,0.4300,140.4000,119.7000,229,0.5300,1.0500,1.1600
1975-05-01,167,4.5000,160,1254,904,747,4431,10.4000,0.4300,131.5000,114.5000,208,0.3900,1.1200,1.2200
1975-06-01,164,4.5000,160,1193,904,751,4431,10.4000,0.4300,127.1000,119.1000,207,0.3000,1.2300,1.2300
1975-07-01,165,4.7000,163,1222,864,707,4431,10.4000,0.4300,145.1000,119.8000,224,0.3700,1.4500,1.2500
1975-08-01,163,4.9000,175,1277,838,737,4431,10.4000,0.4300,162.8000,131.6000,243,0.4100,1.8400,1.3100
1975-09-01,144,4.5000,175,1210,827,724,4852,10.4000,0.4300,165.7000,122.3000,227,0.3400,1.7800,1.3300
1975-10-01,143,4.3000,172,1179,816,706,4852,10.5000,0.4300,161.7000,116.9000,211,0.3100,1.7700,1.3200
1975-11-01,142,4.3000,160,1180,814,705,4852,10.5000,0.4300,147.0000,110.3000,192,0.3000,1.7100,1.3000
1975-12-01,139,4.1000,160,1151,838,686,4852,10.5000,0.4300,142.6000,109.2000,185,0.2900,1.8400,1.3500
1976-01-01,131,4.1000,160,1193,853,692,4850,11.5000,0.5400,143.7000,110.3000,189,0.3100,2.0500,1.4700
1976-02-01,131,4.1000,160,1219,851,690,4850,11.5000,0.5400,152.9000,113.2000,191,0.3000,2.1900,1.5200
1976-03-01,133,4.2000,160,1329,816,728,4850,11.5000,0.5400,152.5000,113.1000,190,0.3300,2.2000,1.5400
1976-04-01,128,4.4000,160,1510,820,789,4850,11.5000,0.5500,145.5000,111.1000,190,0.3100,2.7000,1.5600
1976-05-01,127,4.5000,160,1512,825,774,4850,11.5000,0.5500,141.8000,118.2000,210,0.3200,2.9900,1.6100
1976-06-01,126,4.8000,164,1550,805,750,4850,11.5000,0.5800,146.2000,121.8000,248,0.2900,3.3000,1.8000
1976-07-01,118,4.8000,171,1647,904,776,4850,11.6000,0.5800,142.2000,121.3000,264,0.2900,3.0300,2.0000
1976-08-01,110,4.3000,156,1539,939,741,4850,11.6000,0.6000,126.4000,116.1000,248,0.2200,3.3800,1.9200
1976-09-01,114,4.3000,158,1459,996,712,4938,11.6000,0.6000,119.8000,115.0000,261,0.1800,3.5100,1.8800
1976-10-01,116,4.2000,158,1285,948,639,5313,11.9000,0.6200,111.3000,106.2000,254,0.1800,3.8200,1.9200
1976-11-01,130,4.4000,157,1279,948,604,5313,11.9000,0.6300,106.6000,98.7000,260,0.1700,4.0300,1.9100
1976-12-01,134,4.4000,152,1287,974,642,5313,11.9000,0.6400,106.2000,103.5000,269,0.1700,4.5700,1.8400
1977-01-01,132,4.4000,155,1396,1058,692,5313,12.5000,0.6700,108.8000,111.6000,287,0.1800,4.8300,1.7500
1977-02-01,136,4.5000,161,1426,1078,703,5313,12.5000,0.7100,110.6000,110.6000,293,0.1900,5.4100,1.8600
1977-03-01,148,4.9000,163,1515,1082,719,5313,12.5000,0.7500,106.9000,108.0000,328,0.2000,6.7100,1.9200
1977-04-01,149,4.8000,161,1429,1082,655,5187,12.4000,0.7700,102.2000,105.8000,384,0.2200,7.0000,1.8900
1977-05-01,147,4.7000,157,1371,1082,611,5282,12.4000,0.7700,94.8000,100.9000,371,0.2000,6.2900,1.7800
1977-06-01,141,4.5000,150,1312,1102,542,5313,12.4000,0.8200,93.0000,94.5000,326,0.1700,5.7800,1.6100
1977-07-01,143,4.5000,150,1248,1171,542,5313,12.6000,0.8300,96.6000,85.0000,252,0.1600,4.8500,1.5700
1977-08-01,145,4.5000,149,1160,1184,520,5313,12.6000,0.8200,95.5000,76.9000,230,0.1700,4.4000,1.5100
1977-09-01,150,4.5000,150,1195,1184,518,5313,12.6000,0.8300,99.9000,78.3000,205,0.1600,4.1800,1.4300
1977-10-01,159,4.8000,158,1210,1204,511,4586,12.7000,0.8400,104.0000,83.2000,209,0.1600,3.7700,1.3900
1977-11-01,162,4.8000,170,1182,1237,525,4586,12.7000,0.8300,111.7000,93.4000,236,0.1600,4.3500,1.4100
1977-12-01,160,4.7000,177,1261,1261,538,4586,12.7000,0.8400,114.6000,96.0000,241,0.1800,4.4700,1.4200
1978-01-01,173,4.9000,202,1261,1316,518,4586,12.7000,0.8700,114.3000,95.8000,239,0.1900,4.5500,1.4600
1978-02-01,178,5.0000,224,1217,1321,478,4586,12.7000,0.8800,115.7000,101.0000,239,0.1900,4.3600,1.5300
1978-03-01,184,5.3000,227,1254,1299,507,4586,12.7000,0.8900,124.2000,106.1000,273,0.1700,3.8600,1.5800
1978-04-01,175,5.2000,214,1285,1259,553,4696,12.7000,0.8800,130.8000,111.5000,290,0.1700,3.9400,1.6000
1978-05-01,176,5.1000,233,1303,1237,562,4696,12.7000,0.9100,124.6000,112.7000,290,0.1600,3.7400,1.6300
1978-06-01,184,5.3000,245,1333,1248,578,4645,12.7000,0.9100,126.4000,106.6000,278,0.1600,3.7100,1.6000
1978-07-01,189,5.4000,246,1337,1290,584,4586,12.8000,0.8900,127.1000,97.3000,266,0.1400,2.9500,1.5500
1978-08-01,206,5.5000,267,1426,1321,618,4586,12.8000,0.9100,127.5000,92.0000,262,0.1600,3.0500,1.5900
1978-09-01,212,5.6000,269,1442,1382,634,4586,12.8000,0.9200,130.8000,91.0000,264,0.1800,3.4200,1.6300
1978-10-01,227,5.9000,332,1506,1425,713,4586,12.9000,0.9200,137.4000,95.9000,271,0.2000,3.4000,1.6700
1978-11-01,206,5.9000,329,1481,1394,695,4586,13.2000,0.9300,137.8000,100.5000,270,0.1800,3.2200,1.7300
1978-12-01,208,5.9000,340,1533,1409,687,4586,14.5000,0.9600,136.3000,98.5000,278,0.1800,2.8900,1.7100
1979-01-01,227,6.2000,358,1659,1265,720,4586,19.0000,1.0200,137.8000,105.4000,284,0.1700,2.8300,1.6800
1979-02-01,246,7.3000,410,1944,1442,793,4546,22.0000,1.0500,140.4000,107.0000,298,0.1800,2.7100,1.6700
1979-03-01,242,7.4000,398,2050,1542,795,4819,23.3000,1.1000,140.0000,109.5000,310,0.1900,2.8700,1.6900
1979-04-01,239,7.4000,391,2100,1569,789,5379,23.6000,1.1100,140.0000,111.5000,300,0.1700,3.0600,1.6400
1979-05-01,258,8.4000,430,1926,1576,778,5968,32.8000,1.1500,143.3000,112.6000,300,0.1700,3.3000,1.6800
1979-06-01,279,8.6000,430,1878,1597,754,6519,36.5000,1.1700,167.9000,120.4000,322,0.1800,4.2600,1.7000
1979-07-01,295,9.1000,412,1814,1534,722,6614,35.0000,1.2000,174.5000,130.5000,322,0.1900,4.4900,1.7000
1979-08-01,301,9.3000,394,1976,1562,665,6614,35.8000,1.2400,169.0000,118.9000,302,0.2000,4.3500,1.7100
1979-09-01,355,13.8000,463,2096,1616,724,6614,36.5000,1.2400,174.2000,118.0000,292,0.2200,4.5700,1.7200
1979-10-01,392,16.6000,520,2076,1786,707,6614,38.5000,1.2800,178.2000,119.1000,283,0.2600,4.6200,1.7200
1979-11-01,392,16.7000,506,2090,1833,702,6614,42.0000,1.2900,178.2000,118.2000,281,0.3000,4.5600,1.7700
1979-12-01,455,22.5000,601,2214,1913,751,6945,40.5000,1.3100,180.0000,115.3000,279,0.3300,4.2800,1.8200
1980-01-01,675,38.9000,807,2601,2055,774,6585,40.0000,1.3700,175.6000,105.4000,268,0.3800,3.8100,1.9300
1980-02-01,665,35.2000,882,2918,2131,870,6979,38.5000,1.4200,172.7000,113.9000,271,0.5000,3.7100,2.1000
1980-03-01,554,24.7000,747,2306,1978,743,6734,38.3000,1.4600,163.5000,110.4000,264,0.4300,4.1200,2.0300
1980-04-01,517,14.9000,589,2070,1932,708,6233,38.2000,1.5100,156.5000,108.2000,252,0.4700,4.0500,2.0000
1980-05-01,514,12.7000,560,2037,1776,692,6001,38.5000,1.5600,161.3000,110.0000,260,0.6800,4.2300,1.9600
1980-06-01,601,15.8000,642,2006,1669,678,6295,38.0000,1.5700,157.6000,113.6000,262,0.6800,4.0500,1.8900
1980-07-01,643,16.3000,670,2176,1758,714,6622,37.4000,1.6400,168.7000,128.9000,303,0.6100,3.5200,1.9800
1980-08-01,627,15.9000,644,2082,1784,769,6585,33.6000,1.6400,171.2000,143.5000,309,0.7000,3.1000,2.1200
1980-09-01,674,19.9000,696,2060,1655,796,6655,33.4000,1.6900,179.7000,140.8000,335,0.7600,2.8600,2.2000
1980-10-01,661,20.2000,676,2040,1626,805,6692,37.9000,1.7100,188.1000,140.4000,340,0.8900,2.8400,2.1700
1980-11-01,625,18.6000,633,2010,1504,802,6453,40.8000,1.7600,195.1000,146.6000,367,0.8300,2.6000,2.1600
1980-12-01,538,16.5000,604,1879,1431,784,6391,40.2000,1.7400,182.6000,141.5000,324,0.6300,2.7200,2.2000
1981-01-01,557,14.8000,536,1869,1431,777,6404,40.3000,1.7700,189.6000,148.8000,323,0.6200,2.8900,2.1800
1981-02-01,500,13.1000,480,1801,1452,731,6371,38.7000,1.8100,181.5000,143.3000,306,0.5300,2.8500,2.1200
1981-03-01,499,12.3000,491,1818,1443,751,6292,38.3000,1.8600,175.3000,142.1000,305,0.5000,2.8600,2.0400
1981-04-01,496,11.5000,481,1821,1369,824,6307,37.2000,1.9300,180.4000,145.5000,316,0.3900,2.8900,1.9800
1981-05-01,480,10.9000,462,1742,1297,851,6352,35.2000,1.9500,171.6000,141.3000,306,0.3300,2.8300,1.9500
1981-06-01,461,10.0000,443,1700,1232,840,6169,33.3000,1.9500,168.7000,136.1000,291,0.3600,2.5100,1.9300
1981-07-01,409,8.6000,407,1682,1175,865,6150,35.1000,2.0100,167.9000,137.6000,294,0.3600,2.6700,1.8900
1981-08-01,410,8.9000,418,1787,1231,955,5999,35.8000,2.0200,170.1000,127.1000,283,0.3300,2.7800,1.7700
1981-09-01,444,10.1000,436,1710,1169,939,5579,35.9000,2.0800,171.2000,115.5000,264,0.2600,2.8000,1.7000
1981-10-01,438,9.2000,420,1666,1140,892,5217,36.5000,2.1100,168.7000,112.7000,260,0.2700,3.0200,1.6700
1981-11-01,413,8.5000,397,1651,1082,877,5100,37.1000,2.1500,178.6000,111.8000,257,0.2600,3.1800,1.6500
1981-12-01,410,8.4000,399,1655,1131,846,5496,36.7000,2.1600,176.0000,107.6000,256,0.2900,3.1300,1.5800
1982-01-01,384,8.0000,370,1611,1113,819,5629,35.8000,2.2300,173.1000,115.4000,262,0.2900,3.1800,1.5500
1982-02-01,374,8.3000,360,1598,1088,823,5717,31.6000,2.3000,170.9000,112.6000,254,0.2900,3.4000,1.5400
1982-03-01,330,7.2000,318,1510,1029,790,5653,29.3000,2.3500,168.7000,114.2000,254,0.2500,3.2200,1.5500
1982-04-01,350,7.3000,338,1522,996,743,5394,33.1000,2.4000,169.8000,117.8000,265,0.2100,3.1200,1.5800
1982-05-01,334,6.7000,310,1528,973,750,5212,35.2000,2.4500,167.6000,118.1000,269,0.1800,3.0300,1.6900
1982-06-01,315,5.6000,276,1300,919,692,5187,34.6000,2.4500,155.8000,115.0000,254,0.1500,3.1000,1.6700
1982-07-01,339,6.5000,288,1441,958,727,5069,33.7000,2.4700,151.8000,115.0000,249,0.1700,2.9400,1.7300
1982-08-01,364,7.1000,297,1452,959,716,4953,32.8000,2.5300,152.5000,102.3000,234,0.1500,2.9300,1.6600
1982-09-01,437,8.8000,334,1427,960,750,4310,34.3000,2.5600,152.9000,100.9000,217,0.1300,3.0000,1.6000
1982-10-01,422,9.4000,335,1461,952,751,3917,35.0000,2.6000,146.6000,91.7000,214,0.1300,3.1000,1.5500
1982-11-01,415,9.8000,346,1444,965,710,3434,33.8000,2.6200,155.1000,102.9000,231,0.1400,3.0500,1.5200
1982-12-01,445,10.6000,369,1473,987,669,3576,31.8000,2.6200,159.8000,105.5000,232,0.1400,2.9700,1.5400
1983-01-01,481,12.3000,453,1572,1077,699,3797,30.9000,2.6600,165.0000,107.8000,235,0.1300,2.8700,1.5800
1983-02-01,491,14.0000,465,1647,1230,681,4228,29.1000,2.6600,164.2000,117.3000,239,0.1400,2.8000,1.6400
1983-03-01,420,10.6000,401,1598,1302,678,4832,28.2000,2.5800,166.1000,125.2000,242,0.1400,2.7600,1.7400
1983-04-01,433,11.6000,414,1675,1364,698,4818,29.8000,2.5300,167.2000,133.4000,253,0.1500,2.7500,1.7700
1983-05-01,438,12.9000,449,1766,1453,736,5032,29.6000,2.5300,160.2000,133.9000,252,0.2000,2.8300,1.8100
1983-06-01,413,11.7000,422,1701,1466,718,4883,30.2000,2.5900,151.8000,135.0000,243,0.2400,2.8100,1.9000
1983-07-01,403,12.0000,433,1704,1520,740,4804,30.8000,2.5200,147.3000,140.6000,263,0.2300,2.8300,1.9500
1983-08-01,416,12.1000,436,1640,1604,809,4853,31.1000,2.5800,152.5000,152.8000,339,0.2300,2.8600,2.0000
1983-09-01,412,12.0000,431,1561,1614,838,4911,30.4000,2.6700,156.5000,147.8000,350,0.2100,2.9200,1.9800
1983-10-01,394,9.9000,396,1435,1566,859,4674,29.9000,2.5800,152.9000,148.2000,329,0.2100,3.1000,1.9400
1983-11-01,382,8.8000,388,1389,1517,859,4585,29.2000,2.6000,151.8000,147.0000,324,0.1800,3.1900,1.9700
1983-12-01,388,9.1000,393,1415,1549,857,4657,29.0000,2.6100,153.6000,143.3000,311,0.1700,3.2300,1.9700
1984-01-01,371,8.3000,376,1376,1549,958,4671,29.6000,2.6700,152.9000,141.9000,305,0.1500,3.1700,1.9300
1984-02-01,386,9.1000,391,1430,1491,998,4640,29.9000,2.7100,150.7000,137.0000,293,0.1500,3.2200,1.9300
1984-03-01,394,9.6000,398,1501,1456,1041,4781,30.1000,2.6700,154.0000,147.1000,314,0.1400,3.2700,1.9500
1984-04-01,381,9.2000,392,1533,1370,1004,4912,30.1000,2.6400,157.3000,148.0000,315,0.1300,3.3100,1.9600
1984-05-01,377,9.0000,388,1421,1289,1001,4811,29.9000,2.6700,154.0000,146.1000,338,0.1200,3.3100,1.9700
1984-06-01,378,8.8000,382,1367,1275,942,4773,29.2000,2.7000,149.9000,147.0000,308,0.1200,3.2500,1.8500
1984-07-01,348,7.5000,343,1331,1163,854,4640,27.9000,2.6800,147.0000,142.6000,270,0.1000,3.1800,1.7400
1984-08-01,348,7.6000,340,1338,1136,834,4736,28.1000,2.6900,152.5000,138.8000,261,0.0900,3.2100,1.6600
1984-09-01,340,7.3000,327,1294,1012,873,4706,28.4000,2.6200,155.1000,130.4000,245,0.0900,3.1400,1.6100
1984-10-01,341,7.3000,324,1273,1028,844,4750,27.8000,2.6300,152.9000,121.2000,245,0.1000,3.0200,1.6200
1984-11-01,342,7.5000,328,1345,1152,855,4748,27.7000,2.6100,152.5000,117.4000,250,0.1000,3.0900,1.6000
1984-12-01,320,6.6000,304,1321,1095,860,4859,27.0000,2.5700,149.6000,114.0000,241,0.0800,3.1000,1.5900
1985-01-01,303,6.1000,274,1359,1075,867,4947,27.0000,2.6400,149.2000,119.0000,243,0.0800,3.2100,1.5700
1985-02-01,299,6.1000,269,1389,1098,887,5051,28.2000,2.7100,147.3000,119.8000,239,0.0800,3.1800,1.5100
1985-03-01,314,6.0000,261,1390,1095,921,5212,28.1000,2.6200,145.1000,120.2000,241,0.0800,3.2600,1.4800
1985-04-01,327,6.4000,283,1502,1106,931,5490,27.9000,2.6400,143.7000,120.1000,243,0.0800,3.1200,1.4600
1985-05-01,316,6.3000,272,1531,1105,881,5604,26.7000,2.5300,136.3000,116.7000,231,0.0600,3.1500,1.4300
1985-06-01,317,6.2000,268,1432,1032,808,5553,26.5000,2.5800,134.1000,116.0000,227,0.0600,3.1300,1.3900
1985-07-01,317,6.0000,269,1475,1012,767,5091,26.6000,2.5100,128.6000,114.9000,223,0.0700,2.9800,1.3400
1985-08-01,330,6.2000,308,1420,1019,735,4908,27.2000,2.4700,123.1000,105.5000,211,0.1000,2.9400,1.2600
1985-09-01,323,6.1000,311,1366,985,690,4570,27.2000,2.4200,125.3000,101.9000,207,0.1100,2.9400,1.1800
1985-10-01,326,6.2000,323,1385,971,632,4240,27.9000,2.3700,127.5000,98.6000,205,0.1100,3.1000,1.0800
1985-11-01,322,6.1000,334,1370,950,598,4035,29.1000,2.3600,132.6000,106.2000,210,0.1200,3.4300,1.0600
1985-12-01,322,5.9000,337,1391,1039,685,4090,25.9000,2.2800,137.1000,107.9000,213,0.1200,4.3400,1.0600
1986-01-01,347,6.0000,364,1418,1119,644,4035,25.8000,2.2800,132.3000,107.8000,221,0.1100,5.2400,1.1400
1986-02-01,339,5.9000,376,1406,1115,609,3988,17.6000,2.2600,129.7000,103.2000,216,0.1200,5.0300,1.2000
1986-03-01,346,5.6000,414,1445,1168,626,4123,13.9000,2.1600,134.5000,100.9000,217,0.1500,5.2800,1.1500
1986-04-01,340,5.2000,418,1435,1164,660,3999,12.5000,2.1000,132.6000,101.3000,213,0.1800,4.9800,1.0700
1986-05-01,342,5.1000,414,1419,1164,707,4043,14.2000,1.9600,119.4000,105.6000,215,0.1700,4.6600,1.0000
1986-06-01,343,5.1000,432,1413,1183,804,4087,11.9000,1.8500,105.8000,103.5000,213,0.1400,3.9000,0.9000
1986-07-01,348,5.0000,439,1344,1123,807,3911,9.5000,1.8000,101.8000,83.0000,209,0.1200,3.8000,0.8300
1986-08-01,377,5.2000,540,1303,1129,816,3807,13.7000,1.7700,102.2000,72.3000,202,0.1200,3.8300,0.8200
1986-09-01,418,5.6000,604,1347,1206,871,3724,14.2000,1.7800,103.6000,65.7000,195,0.1000,4.4000,0.9600
1986-10-01,424,5.6000,581,1317,1162,886,3644,13.8000,1.7300,104.7000,65.3000,197,0.1200,3.9200,1.1300
1986-11-01,398,5.6000,517,1303,1132,820,3642,14.6000,1.7700,105.1000,72.4000,204,0.1300,3.4500,1.1600
1986-12-01,391,5.4000,481,1336,1133,798,3572,15.9000,1.7600,107.3000,69.6000,199,0.1300,3.0000,1.3000
1987-01-01,408,5.5000,516,1346,1171,760,3525,18.4000,1.7400,109.1000,67.9000,200,0.1400,2.7200,1.4500
1987-02-01,401,5.5000,518,1380,1283,740,3717,17.3000,1.7300,112.1000,66.1000,198,0.1600,2.6600,1.4500
1987-03-01,409,5.7000,533,1466,1367,732,3772,17.9000,1.7300,115.4000,71.6000,199,0.1700,2.2900,1.3900
1987-04-01,438,7.3000,586,1484,1401,762,3898,18.1000,1.6900,113.2000,74.9000,207,0.1500,2.3700,1.4600
1987-05-01,460,8.5000,607,1520,1412,839,4436,18.8000,1.6500,119.1000,81.8000,221,0.1500,2.5900,1.6900
1987-06-01,450,7.4000,569,1572,1472,878,4436,18.9000,1.6500,108.8000,80.7000,228,0.1400,2.3200,1.7500
1987-07-01,451,7.6000,572,1695,1653,830,4753,19.8000,1.6600,104.7000,76.4000,222,0.1300,2.2000,1.8400
1987-08-01,461,7.8000,610,1756,1810,804,5307,19.0000,1.6300,106.9000,71.7000,215,0.1200,2.2500,1.9100
1987-09-01,460,7.6000,590,1811,1746,757,5333,18.4000,1.5600,112.1000,73.6000,214,0.1300,2.4400,1.8400
1987-10-01,465,7.6000,568,1967,1963,770,5692,18.8000,1.5700,113.9000,78.9000,217,0.1500,2.6300,1.6800
1987-11-01,468,6.8000,500,2524,1681,848,5937,17.8000,1.6400,115.0000,81.7000,228,0.1600,2.7900,1.6700
1987-12-01,486,6.8000,500,2869,1824,866,7661,17.1000,1.7000,124.6000,83.2000,240,0.1800,2.8000,1.6600
1988-01-01,477,6.7000,494,2663,2002,879,8073,16.9000,1.9600,128.6000,85.9000,254,0.2100,2.8200,1.5900
1988-02-01,442,6.3000,459,2330,2138,876,8667,15.8000,1.8400,131.5000,88.0000,254,0.1900,3.0500,1.4900
1988-03-01,444,6.4000,496,2359,2526,982,15497,14.8000,1.7000,124.9000,90.2000,257,0.1900,3.0100,1.4600
1988-04-01,452,6.5000,527,2286,2508,1069,18012,16.6000,1.5900,126.8000,89.5000,270,0.1900,3.0100,1.4500
1988-05-01,451,6.5000,549,2448,2988,1177,17025,16.4000,1.5200,129.0000,89.3000,285,0.2000,3.0600,1.4500
1988-06-01,451,7.0000,580,2540,3578,1365,15590,15.6000,1.5300,149.9000,120.3000,353,0.2300,3.1700,1.5200
1988-07-01,438,7.0000,549,2214,2582,1237,14591,14.9000,1.5600,149.6000,125.5000,351,0.3100,3.1300,1.4000
1988-08-01,431,6.7000,533,2201,2701,1309,14187,15.0000,1.6200,149.9000,119.9000,342,0.2500,2.9200,1.2700
1988-09-01,413,6.4000,513,2436,2387,1330,11878,13.3000,1.5300,159.5000,121.4000,337,0.2200,3.0400,1.2500
1988-10-01,407,6.3000,526,2940,2309,1520,11558,12.5000,1.6800,162.0000,121.4000,313,0.2300,2.9500,1.2700
1988-11-01,420,6.3000,576,3305,2382,1559,13342,13.0000,1.7600,163.9000,114.4000,313,0.2400,2.9800,1.2900
1988-12-01,419,6.1000,564,3499,2503,1594,16920,15.2000,1.8900,166.8000,116.9000,313,0.2500,3.2500,1.3500
1989-01-01,404,6.0000,527,3394,2398,1734,17725,17.0000,1.7800,173.8000,118.2000,318,0.2100,3.3600,1.3900
1989-02-01,388,5.9000,532,3097,2183,1932,18524,16.7000,1.7100,172.0000,117.4000,307,0.2300,3.0900,1.3900
1989-03-01,390,6.0000,538,3264,2074,1962,17157,18.7000,1.4900,178.2000,118.4000,313,0.2500,3.1000,1.4600
1989-04-01,384,5.8000,538,3118,2126,1656,15261,19.8000,1.5300,174.5000,115.7000,297,0.2700,3.1700,1.6300
1989-05-01,371,5.5000,517,2739,2259,1628,13454,18.4000,1.6600,176.4000,117.6000,297,0.2600,3.1000,1.7100
1989-06-01,368,5.3000,497,2546,1914,1539,12143,17.5000,1.7000,168.7000,113.0000,291,0.2800,2.7600,1.7400
1989-07-01,375,5.2000,502,2505,1756,1617,12275,17.8000,1.6400,166.8000,108.7000,272,0.3100,1.9400,1.8300
1989-08-01,365,5.2000,485,2762,1798,1730,12910,17.1000,1.5800,164.2000,100.9000,236,0.3100,1.7300,1.8300
1989-09-01,362,5.1000,478,2884,1718,1629,11222,17.8000,1.5300,163.5000,103.4000,237,0.3100,1.7300,1.8000
1989-10-01,367,5.1000,486,2861,1820,1585,10425,19.0000,1.6000,164.6000,107.3000,238,0.3200,1.5100,1.8100
1989-11-01,394,5.5000,510,2591,1736,1438,9793,19.2000,1.9000,163.5000,108.5000,246,0.3300,1.5600,1.8100
1989-12-01,409,5.6000,507,2419,1633,1455,8809,19.9000,2.2400,164.6000,109.2000,248,0.3000,1.6000,1.7100
1990-01-01,410,5.2000,498,2367,1528,1297,7056,21.0000,2.3900,167.9000,105.6000,242,0.3100,1.6800,1.6600
1990-02-01,417,5.3000,516,2360,1454,1397,6977,19.9000,1.9000,160.9000,106.1000,240,0.3200,1.8500,1.6800
1990-03-01,393,5.1000,497,2626,1567,1607,9267,18.5000,1.5500,156.5000,109.7000,242,0.3400,2.0900,1.7400
1990-04-01,374,5.1000,478,2686,1526,1686,8940,16.8000,1.4900,159.5000,118.8000,247,0.3400,2.0900,1.8300
1990-05-01,369,5.1000,489,2742,1527,1775,8698,16.7000,1.4700,149.2000,121.0000,259,0.3200,2.0500,1.8900
1990-06-01,352,4.9000,481,2585,1566,1715,8422,15.7000,1.4700,135.6000,120.9000,249,0.2900,1.9700,1.9900
1990-07-01,363,4.9000,479,2769,1571,1637,9318,17.6000,1.4100,124.9000,114.9000,252,0.2600,1.9100,2.0100
1990-08-01,395,5.0000,493,2957,1782,1615,10957,27.1000,1.3600,116.8000,110.1000,250,0.2400,2.0800,1.7900
1990-09-01,389,4.8000,462,3031,2067,1538,10844,34.1000,1.4400,114.3000,101.5000,250,0.2400,2.1000,1.7900
1990-10-01,381,4.4000,425,2744,1946,1353,9145,36.1000,1.6900,114.6000,100.3000,247,0.2200,2.0200,1.7900
1990-11-01,382,4.2000,422,2586,1618,1278,8587,33.0000,2.1000,112.8000,100.4000,239,0.2200,1.8700,1.8200
1990-12-01,377,4.1000,420,2485,1522,1265,8158,28.0000,2.1100,113.2000,102.0000,244,0.2100,1.9700,1.8500
1991-01-01,384,4.1000,408,2449,1515,1206,8569,23.7000,1.6700,111.3000,105.7000,239,0.1900,1.8900,1.8500
1991-02-01,364,3.7000,387,2449,1505,1188,8672,19.4000,1.3600,113.9000,106.1000,241,0.1900,1.9700,1.8700
1991-03-01,363,3.9000,400,2410,1496,1199,8701,19.5000,1.3400,119.4000,109.5000,244,0.2000,2.0600,1.8600
1991-04-01,358,4.0000,397,2472,1392,1253,9021,19.3000,1.3300,120.9000,110.3000,245,0.1900,2.0300,1.8300
1991-05-01,357,4.0000,390,2306,1296,1091,8452,19.3000,1.3100,122.0000,105.7000,241,0.1700,1.9400,1.8200
1991-06-01,367,4.4000,376,2219,1275,1062,8280,18.2000,1.2000,120.2000,104.2000,241,0.2000,1.8900,1.7800
1991-07-01,368,4.3000,376,2236,1297,1063,8541,19.5000,1.1900,118.3000,105.1000,229,0.2300,1.8400,1.7000
1991-08-01,356,4.0000,346,2233,1256,1046,8145,19.8000,1.3100,125.3000,110.4000,241,0.2100,1.8000,1.6200
1991-09-01,349,4.0000,349,2325,1212,1023,7681,20.5000,1.6300,135.2000,108.9000,246,0.2000,1.9200,1.5500
1991-10-01,359,4.1000,362,2364,1150,992,7443,22.2000,1.7700,147.0000,109.7000,237,0.2000,1.7600,1.5000
1991-11-01,360,4.1000,365,2380,1135,1093,7245,21.3000,1.8100,149.6000,106.5000,237,0.1900,1.7200,1.4000
1991-12-01,362,3.9000,353,2223,1098,1188,7118,18.4000,1.9200,160.9000,106.9000,234,0.2000,1.6600,1.3600
1992-01-01,354,4.1000,341,2139,1177,1154,7517,18.2000,1.2800,170.1000,109.3000,236,0.1800,1.6200,1.3100
1992-02-01,354,4.1000,362,2206,1267,1131,7862,18.1000,1.2100,177.1000,113.6000,237,0.1700,1.5100,1.2400
1992-03-01,344,4.1000,357,2227,1280,1215,7418,17.6000,1.2800,169.4000,117.0000,240,0.1800,1.5500,1.2200
1992-04-01,339,4.1000,347,2215,1317,1304,7421,19.0000,1.4700,159.8000,108.5000,235,0.2100,1.4500,1.2800
1992-05-01,337,4.1000,359,2217,1307,1373,7327,19.9000,1.5900,149.6000,109.6000,247,0.2100,1.3400,1.3400
1992-06-01,341,4.1000,369,2299,1276,1385,7193,21.2000,1.5600,148.8000,110.9000,253,0.2300,1.3000,1.4100
1992-07-01,353,4.0000,383,2520,1313,1320,7498,20.3000,1.7500,136.3000,102.8000,237,0.2300,1.2800,1.4400
1992-08-01,343,3.8000,360,2522,1305,1360,7268,19.8000,1.9700,128.2000,97.0000,229,0.2200,1.1700,1.3200
1992-09-01,345,3.8000,362,2414,1270,1367,6918,20.3000,2.3300,138.9000,98.1000,227,0.2100,1.1700,1.2500
1992-10-01,344,3.8000,358,2249,1174,1164,6305,20.3000,2.4200,140.7000,95.1000,221,0.1900,1.3600,1.1700
1992-11-01,335,3.8000,356,2158,1159,1047,5565,19.2000,2.2400,147.7000,94.5000,229,0.1900,1.4800,1.1600
1992-12-01,335,3.7000,362,2207,1207,1058,5724,18.2000,2.1600,147.7000,94.6000,235,0.1800,1.7000,1.2000
1993-01-01,329,3.7000,359,2257,1207,1061,5931,17.4000,1.8800,155.8000,94.2000,239,0.1800,1.5300,1.2600
1993-02-01,329,3.7000,359,2213,1202,1072,6039,18.5000,1.6900,148.8000,94.4000,236,0.1900,1.4900,1.3300
1993-03-01,330,3.6000,350,2153,1151,996,5971,18.8000,2.1800,148.1000,97.1000,238,0.2300,1.4000,1.3600
1993-04-01,342,4.0000,368,1950,1109,1005,5972,18.7000,2.3500,141.8000,100.6000,244,0.2500,1.2800,1.3500
1993-05-01,367,4.5000,385,1795,1124,980,5763,18.5000,2.1700,136.7000,98.6000,246,0.2600,1.3700,1.3300
1993-06-01,372,4.4000,383,1853,1165,926,5532,17.7000,1.9700,122.0000,92.8000,245,0.2300,1.3800,1.3000
1993-07-01,392,5.0000,404,1927,1202,928,5036,16.8000,2.0600,127.5000,101.3000,287,0.2100,1.5800,1.2700
1993-08-01,379,4.8000,392,1947,1172,884,4722,16.7000,2.2600,129.7000,100.3000,274,0.2100,1.7000,1.2200
1993-09-01,355,4.2000,362,1862,1115,874,4353,16.0000,2.2700,131.2000,100.9000,260,0.2100,1.7800,1.2200
1993-10-01,364,4.3000,368,1646,1087,915,4449,16.6000,2.0200,136.0000,106.5000,249,0.2300,1.6900,1.2100
1993-11-01,374,4.5000,374,1630,1040,928,4634,15.2000,2.2600,146.6000,116.7000,267,0.2200,1.7300,1.2100
1993-12-01,383,5.0000,383,1724,1094,974,5119,13.6000,2.3400,158.7000,121.8000,276,0.2300,1.7900,1.3100
1994-01-01,387,5.1000,388,1805,1175,997,5578,14.3000,2.3400,153.2000,127.2000,282,0.2300,1.7400,1.5300
1994-02-01,382,5.2000,394,1866,1270,969,5825,13.8000,2.7100,147.0000,123.2000,273,0.2400,1.8500,1.7800
1994-03-01,384,5.4000,400,1915,1289,936,5588,14.0000,2.2100,141.1000,119.4000,274,0.2600,1.9200,1.8000
1994-04-01,377,5.4000,398,1882,1279,924,5408,15.2000,2.0400,140.4000,113.2000,261,0.2400,2.0000,1.8500
1994-05-01,381,5.4000,398,2151,1323,956,6087,16.2000,1.9200,140.0000,109.6000,256,0.2600,2.6900,1.9000
1994-06-01,386,5.4000,401,2364,1401,966,6282,16.8000,1.9000,139.3000,112.2000,265,0.2700,3.1600,1.8900
1994-07-01,385,5.3000,412,2458,1492,964,6227,17.6000,1.9600,137.4000,97.8000,237,0.2600,4.8300,1.8000
1994-08-01,380,5.2000,412,2406,1455,945,5860,16.8000,1.6600,145.9000,96.0000,232,0.2700,4.4200,1.6900
1994-09-01,392,5.5000,417,2506,1569,992,6365,15.9000,1.4900,158.7000,97.5000,233,0.2800,4.8900,1.6600
1994-10-01,390,5.5000,419,2548,1698,1059,6748,16.4000,1.5100,167.2000,96.5000,227,0.2800,4.4500,1.6300
1994-11-01,384,5.2000,412,2802,1893,1152,7556,17.2000,1.5800,162.0000,95.5000,239,0.3100,4.0300,1.7100
1994-12-01,379,4.8000,411,2985,1878,1114,8556,16.0000,1.7200,164.6000,102.5000,243,0.3200,3.7200,1.9200
1995-01-01,379,4.8000,414,3009,2061,1157,9593,16.6000,1.5100,156.2000,107.0000,243,0.3300,3.8100,2.1100
1995-02-01,377,4.7000,414,2878,1916,1032,8505,17.1000,1.5800,154.3000,106.7000,238,0.3200,3.7400,2.2300
1995-03-01,382,4.6000,417,2924,1805,1022,7532,17.0000,1.5400,150.3000,109.7000,246,0.3200,3.9600,2.4400
1995-04-01,391,5.5000,448,2904,1849,1061,7398,18.7000,1.6200,148.8000,109.3000,249,0.3000,3.8400,2.5100
1995-05-01,385,5.6000,437,2773,1763,1036,7232,18.4000,1.6400,158.7000,112.0000,250,0.3000,3.7700,2.5300
1995-06-01,388,5.4000,439,2995,1780,1010,7872,17.4000,1.6200,170.1000,119.9000,252,0.3100,3.4100,2.0000
1995-07-01,386,5.2000,434,3076,1860,1027,8597,15.9000,1.4400,190.7000,127.0000,261,0.3000,3.2100,1.9300
1995-08-01,384,5.4000,425,3037,1888,1014,8945,16.1000,1.5600,184.5000,126.4000,257,0.2900,3.3800,1.8800
1995-09-01,383,5.4000,430,2916,1761,986,8405,16.8000,1.6400,193.6000,130.5000,266,0.2600,2.9600,2.0100
1995-10-01,383,5.4000,413,2814,1674,979,8062,16.1000,1.7700,203.7000,140.9000,271,0.2600,2.8100,2.0100
1995-11-01,385,5.3000,413,2977,1654,1031,8506,16.9000,2.0400,203.9000,144.0000,282,0.2600,2.7600,1.9700
1995-12-01,387,5.2000,409,2926,1657,1018,8091,18.0000,2.7100,208.9000,148.7000,296,0.2700,2.3400,1.9400
1996-01-01,399,5.5000,415,2616,1589,1019,7862,17.9000,2.9300,206.9000,156.1000,305,0.2800,2.4400,1.9000
1996-02-01,405,5.7000,420,2538,1592,1036,8216,18.0000,4.4000,218.9000,164.8000,299,0.2800,2.7400,1.8700
1996-03-01,396,5.5000,411,2561,1612,1064,8022,20.0000,2.9500,215.3000,184.9000,295,0.2800,2.6600,1.8300
1996-04-01,393,5.4000,404,2596,1587,1045,8043,21.0000,2.2300,257.6000,190.4000,316,0.2600,2.7200,1.8300
1996-05-01,392,5.4000,401,2658,1589,1036,8027,19.1000,2.2400,262.1000,204.0000,322,0.2500,2.8500,1.8300
1996-06-01,385,5.2000,392,2173,1482,1009,7709,18.3000,2.4900,227.3000,197.6000,308,0.2700,2.7700,1.8300
1996-07-01,383,5.1000,394,1986,1459,1000,7204,19.6000,2.4800,202.6000,197.8000,312,0.2800,2.7000,1.7600
1996-08-01,387,5.1000,400,2009,1463,1007,7054,20.6000,2.0300,191.6000,185.5000,317,0.2700,2.7800,1.6800
1996-09-01,383,5.0000,390,1941,1407,1000,7318,22.6000,1.8400,178.7000,145.4000,319,0.2600,2.6200,1.6600
1996-10-01,381,4.9000,384,1961,1336,1003,7031,24.2000,2.3700,178.0000,127.9000,290,0.2500,2.7400,1.6600
1996-11-01,378,4.8000,382,2231,1450,1047,6943,22.6000,3.0300,176.4000,117.7000,286,0.2400,2.7400,1.6800
1996-12-01,369,4.8000,371,2268,1500,1036,6581,23.9000,3.8200,175.7000,117.7000,289,0.2400,2.5800,1.7500
1997-01-01,355,4.8000,360,2435,1576,1087,7072,23.5000,3.3100,175.7000,118.4000,301,0.2400,2.9300,1.7600
1997-02-01,347,5.1000,365,2406,1580,1179,7735,20.8000,2.2200,172.4000,121.7000,308,0.2400,3.7100,1.7700
1997-03-01,352,5.2000,379,2421,1632,1255,7896,19.2000,1.8900,176.6000,127.6000,332,0.2400,4.2900,1.7800
1997-04-01,344,4.8000,371,2391,1561,1240,7316,17.5000,2.0300,183.5000,124.4000,338,0.2500,4.5600,1.7400
1997-05-01,344,4.7000,388,2514,1625,1311,7483,19.1000,2.2400,172.6000,118.8000,298,0.2400,5.8900,1.7500
1997-06-01,341,4.8000,431,2613,1568,1354,7062,17.6000,2.2000,148.4000,112.1000,278,0.2500,4.8900,1.7800
1997-07-01,324,4.4000,416,2450,1592,1518,6836,18.4000,2.1900,136.2000,106.1000,306,0.2500,4.2000,1.7900
1997-08-01,324,4.5000,425,2251,1711,1654,6761,18.7000,2.4700,150.6000,112.9000,265,0.2600,4.2100,1.7900
1997-09-01,323,4.7000,425,2107,1611,1641,6504,18.5000,2.8400,151.7000,112.2000,269,0.2500,4.1900,1.7600
1997-10-01,325,5.0000,423,2052,1608,1280,6380,19.9000,3.0400,151.6000,120.4000,278,0.2500,3.7000,1.7100
1997-11-01,306,5.1000,392,1917,1599,1173,6140,19.0000,3.0200,149.9000,117.2000,288,0.2600,3.5300,1.7000
1997-12-01,289,5.8000,365,1762,1531,1102,5945,17.0000,2.3300,144.6000,113.5000,284,0.2700,3.9100,1.6400
1998-01-01,289,5.9000,374,1688,1486,1097,5492,15.1000,2.1000,137.1000,114.7000,273,0.2500,3.9200,1.5900
1998-02-01,297,6.8000,386,1665,1466,1044,5387,14.1000,2.2200,140.1000,113.4000,273,0.2400,3.9300,1.5200
1998-03-01,296,6.2000,399,1748,1438,1048,5396,13.1000,2.2300,138.9000,114.2000,265,0.2200,3.4800,1.5100
1998-04-01,308,6.3000,414,1801,1418,1097,5394,13.4000,2.4200,130.2000,107.1000,259,0.2100,3.3100,1.4500
1998-05-01,299,5.6000,389,1733,1365,1061,5020,14.4000,2.1400,128.9000,106.1000,247,0.2000,3.0400,1.4200
1998-06-01,292,5.3000,355,1661,1307,1010,4476,12.1000,2.1700,120.6000,104.2000,242,0.1800,2.7500,1.5200
1998-07-01,293,5.5000,378,1651,1309,1040,4325,12.0000,2.1700,118.9000,100.5000,238,0.1900,2.5900,1.5400
1998-08-01,284,5.2000,369,1621,1311,1030,4081,11.9000,1.8500,108.0000,87.9000,219,0.1900,2.7200,1.5000
1998-09-01,289,5.0000,361,1648,1342,1000,4102,13.4000,2.0100,107.9000,86.3000,216,0.1600,2.4700,1.4600
1998-10-01,296,5.0000,343,1586,1304,941,3872,12.6000,1.8900,126.5000,95.5000,223,0.1600,2.4200,1.3600
1998-11-01,294,5.0000,347,1574,1295,967,4132,10.9000,2.1000,130.2000,98.1000,234,0.1800,2.5700,1.2400
1998-12-01,292,4.9000,352,1474,1249,959,3878,9.8000,1.7400,126.2000,95.8000,230,0.1800,2.5900,1.2300
1999-01-01,287,5.1000,355,1431,1218,933,4269,11.1000,1.8600,125.3000,97.4000,221,0.1800,2.4900,1.2300
1999-02-01,287,5.5000,364,1411,1187,1017,4626,10.2000,1.7700,117.0000,94.2000,205,0.1500,2.3300,1.2400
1999-03-01,286,5.2000,370,1378,1182,1030,5011,12.5000,1.7900,117.3000,96.2000,205,0.1300,2.3200,1.2500
1999-04-01,283,5.1000,357,1466,1278,1019,5103,15.3000,2.1500,113.9000,94.1000,207,0.1200,2.2500,1.2700
1999-05-01,276,5.3000,356,1511,1323,1040,5399,15.1000,2.2500,113.0000,92.5000,199,0.1300,2.4500,1.3200
1999-06-01,261,5.0000,357,1422,1315,1001,5195,15.8000,2.3000,111.4000,93.7000,194,0.1300,2.3600,1.2900
1999-07-01,256,5.2000,349,1640,1404,1072,5700,19.0000,2.3100,103.0000,84.0000,183,0.1200,2.0900,1.2000
1999-08-01,257,5.3000,350,1648,1431,1131,6449,20.2000,2.7900,111.3000,85.7000,199,0.1300,2.0100,1.1200
1999-09-01,265,5.2000,371,1750,1492,1194,7028,22.4000,2.5400,113.2000,86.5000,207,0.1500,1.8600,1.0900
1999-10-01,311,5.4000,421,1724,1474,1149,7321,22.0000,2.7200,108.1000,85.8000,203,0.1500,2.0800,1.0500
1999-11-01,293,5.2000,434,1728,1473,1147,7950,24.6000,2.3600,108.8000,85.4000,198,0.1400,2.5000,1.0200
1999-12-01,283,5.2000,439,1765,1554,1184,8083,25.6000,2.3600,102.2000,87.2000,199,0.1300,2.7400,0.9700
2000-01-01,284,5.2000,441,1844,1680,1179,8310,25.4000,2.4200,105.8000,93.3000,208,0.1200,2.4500,1.0500
2000-02-01,300,5.2000,520,1801,1670,1095,9653,27.7000,2.6500,107.9000,95.2000,214,0.1200,2.2800,1.1800
2000-03-01,286,5.1000,479,1739,1577,1116,10280,27.5000,2.7900,105.7000,95.1000,221,0.1100,2.2200,1.2600
2000-04-01,280,5.1000,498,1679,1457,1128,9728,22.5000,3.0300,105.1000,95.2000,229,0.1300,2.0900,1.2900
2000-05-01,275,5.0000,526,1786,1467,1157,10130,27.3000,3.5800,112.1000,96.4000,229,0.1500,2.0800,1.3300
2000-06-01,286,5.0000,560,1753,1506,1118,8411,29.7000,4.2800,113.5000,84.3000,211,0.1800,1.9100,1.3100
2000-07-01,282,5.0000,560,1799,1564,1136,8164,28.5000,3.9600,109.0000,75.3000,197,0.2100,1.9300,1.2900
2000-08-01,274,4.9000,578,1856,1528,1170,8007,29.4000,4.4100,108.4000,75.6000,198,0.2300,1.7000,1.3400
2000-09-01,274,4.9000,592,1960,1601,1224,8638,32.6000,5.0600,117.5000,80.4000,209,0.2200,1.6700,1.3600
2000-10-01,270,4.8000,580,1899,1500,1096,7678,30.9000,5.0200,128.2000,85.0000,203,0.2400,1.6900,1.3400
2000-11-01,266,4.7000,593,1795,1474,1059,7340,32.5000,5.5500,127.7000,89.2000,206,0.2200,1.5800,1.4100
2000-12-01,271,4.6000,610,1851,1565,1060,7314,25.1000,8.9500,128.1000,97.6000,217,0.2200,1.4600,1.4500
2001-01-01,265,4.7000,620,1788,1616,1033,6995,25.6000,8.1700,132.8000,95.2000,210,0.2300,1.4500,1.4100
2001-02-01,262,4.6000,601,1766,1604,1021,6524,27.4000,5.6300,128.1000,92.0000,200,0.2200,1.4800,1.3300
2001-03-01,263,4.4000,584,1739,1509,1005,6134,24.4000,5.1600,130.2000,90.3000,195,0.2000,1.4700,1.2000
2001-04-01,260,4.4000,595,1664,1497,969,6330,25.6000,5.1700,129.7000,88.0000,186,0.1900,1.4600,1.1300
2001-05-01,272,4.4000,611,1682,1539,938,7061,28.5000,4.2100,134.9000,84.1000,184,0.2100,1.5300,1.1000
2001-06-01,270,4.4000,580,1608,1466,895,6641,27.7000,3.7100,127.2000,83.3000,188,0.2000,1.4100,1.0500
2001-07-01,268,4.3000,531,1525,1416,852,5937,24.5000,3.1000,123.8000,91.7000,208,0.1900,1.2900,1.0000
2001-08-01,272,4.2000,452,1464,1377,828,5521,25.7000,2.9500,121.9000,93.1000,212,0.1800,1.3200,0.9600
2001-09-01,283,4.4000,458,1426,1345,799,5027,25.5000,2.1500,122.0000,90.1000,202,0.1700,1.2800,0.9100
2001-10-01,283,4.4000,431,1377,1283,762,4825,20.5000,2.4500,123.3000,86.6000,187,0.1500,1.2400,0.8200
2001-11-01,276,4.1000,430,1428,1327,773,5078,18.9000,2.3600,125.3000,89.5000,189,0.1700,1.3000,0.8400
2001-12-01,276,4.4000,462,1472,1345,755,5264,18.6000,2.4100,122.4000,91.9000,189,0.1700,1.2500,0.9500
2002-01-01,282,4.5000,472,1504,1369,793,6043,19.5000,2.2500,125.3000,92.0000,188,0.1700,1.2800,0.9600
2002-02-01,296,4.4000,471,1562,1369,771,6029,20.3000,2.3100,123.3000,90.8000,187,0.1400,1.3000,0.9400
2002-03-01,294,4.5000,512,1605,1405,819,6538,23.7000,3.0300,122.5000,89.6000,191,0.1500,1.4200,0.9300
2002-04-01,303,4.6000,539,1590,1370,808,6958,25.7000,3.4200,123.7000,87.1000,195,0.1500,1.4400,0.9100
2002-05-01,314,4.7000,534,1596,1343,770,6761,25.4000,3.4900,121.5000,90.3000,197,0.1300,1.3500,0.8800
2002-06-01,321,4.9000,555,1648,1354,767,7120,24.1000,3.2200,132.0000,94.1000,200,0.1300,1.2900,0.9600
2002-07-01,313,4.9000,526,1589,1338,795,7143,25.8000,2.9800,149.3000,98.7000,218,0.1400,1.2500,1.0300
2002-08-01,310,4.5000,545,1480,1292,748,6717,26.6000,3.0900,161.3000,108.9000,227,0.1400,1.2000,1.0900
2002-09-01,319,4.6000,556,1479,1301,756,6640,28.3000,3.5700,187.8000,114.1000,236,0.1500,1.3400,1.0800
2002-10-01,317,4.4000,580,1484,1311,755,6804,27.5000,4.1200,190.3000,109.7000,229,0.1700,1.4500,1.0900
2002-11-01,319,4.5000,588,1582,1372,765,7314,24.2000,4.0400,177.4000,108.9000,243,0.1700,1.5400,1.1500
2002-12-01,332,4.6000,595,1596,1375,798,7193,28.5000,4.7400,162.5000,107.0000,241,0.1800,1.4100,1.2200
2003-01-01,357,4.8000,628,1648,1378,781,8026,31.2000,5.4100,149.6000,106.1000,244,0.1800,1.4500,1.2500
2003-02-01,359,4.7000,682,1684,1422,785,8623,32.6000,7.7700,150.8000,105.9000,243,0.2000,1.4600,1.2900
2003-03-01,341,4.5000,674,1659,1389,791,8379,30.3000,5.9500,141.8000,105.6000,241,0.1800,1.3600,1.3500
2003-04-01,328,4.5000,625,1587,1332,755,7910,25.0000,5.2900,138.6000,105.5000,251,0.1700,1.4300,1.3400
2003-05-01,356,4.7000,650,1648,1398,776,8331,25.8000,5.8400,142.0000,107.5000,250,0.1600,1.4600,1.2800
2003-06-01,356,4.5000,662,1687,1410,791,8875,27.5000,5.7700,131.4000,107.3000,239,0.1500,1.3500,1.2900
2003-07-01,351,4.8000,682,1710,1436,828,8797,28.4000,5.0100,131.6000,96.8000,230,0.1500,1.3900,1.3300
2003-08-01,360,5.0000,692,1760,1456,818,9351,29.8000,4.9700,148.7000,100.7000,237,0.1500,1.4100,1.3300
2003-09-01,379,5.2000,705,1790,1416,818,9965,27.1000,4.6100,145.6000,104.1000,264,0.1300,1.4600,1.4100
2003-10-01,379,5.0000,732,1921,1474,898,11047,29.6000,4.6400,147.5000,105.4000,310,0.1300,1.4200,1.6000
2003-11-01,390,5.2000,760,2055,1508,915,12087,28.8000,4.5300,160.5000,108.5000,327,0.1300,1.3700,1.7000
2003-12-01,407,5.6000,808,2201,1555,978,14163,29.9000,6.1300,165.6000,111.2000,332,0.1400,1.4300,1.6200
2004-01-01,414,6.3000,850,2424,1606,1017,15327,31.2000,6.0900,166.3000,115.5000,350,0.1300,1.6000,1.6700
2004-02-01,405,6.4000,846,2760,1686,1088,15145,30.9000,5.3800,161.4000,123.5000,368,0.1300,1.6800,1.6300
2004-03-01,407,7.2000,900,3009,1656,1106,13715,33.8000,5.4000,166.3000,127.8000,413,0.1400,1.7200,1.5900
2004-04-01,403,7.1000,881,2949,1730,1033,12848,33.4000,5.7200,166.6000,133.5000,358,0.1500,1.6600,1.5300
2004-05-01,384,5.9000,810,2734,1623,1028,11118,37.9000,6.3400,163.7000,128.2000,316,0.1400,1.7000,1.5400
2004-06-01,392,5.9000,808,2687,1678,1021,13534,35.2000,6.2700,154.7000,123.3000,295,0.1500,1.8100,1.4200
2004-07-01,398,6.3000,810,2808,1709,988,15023,38.4000,5.9300,150.6000,104.8000,279,0.1700,1.6500,1.2600
2004-08-01,401,6.7000,849,2846,1692,976,13680,43.0000,5.4000,141.3000,104.1000,265,0.1700,1.6200,1.1900
2004-09-01,405,6.4000,848,2895,1724,975,13271,43.4000,5.1400,151.0000,97.9000,260,0.1700,1.7700,1.2400
2004-10-01,420,7.1000,841,3012,1820,1065,14404,49.8000,6.4100,150.1000,93.8000,249,0.1900,1.7800,1.1600
2004-11-01,439,7.5000,854,3123,1814,1096,14045,43.1000,6.0900,156.6000,93.7000,260,0.1800,1.9900,1.0800
2004-12-01,442,7.1000,848,3145,1849,1180,13769,39.6000,6.5800,153.9000,95.4000,265,0.1800,2.3000,1.0700
2005-01-01,424,6.6000,859,3170,1834,1246,14505,44.3000,6.1500,153.6000,96.3000,262,0.1900,2.3600,1.1300
2005-02-01,423,7.0000,864,3254,1883,1326,15350,45.6000,6.1400,151.2000,94.1000,261,0.2000,2.6600,1.1600
2005-03-01,434,7.2000,867,3379,1980,1372,16191,53.1000,6.9700,151.0000,99.9000,290,0.2000,2.9800,1.2400
2005-04-01,429,7.1000,865,3394,1894,1300,16142,51.9000,7.1500,140.9000,96.3000,283,0.1900,2.8600,1.2600
2005-05-01,422,7.0000,866,3249,1744,1244,16932,48.7000,6.4700,143.3000,95.4000,283,0.1900,2.8300,1.2300
2005-06-01,431,7.3000,880,3524,1731,1276,16160,54.3000,7.1900,141.9000,97.1000,306,0.2000,2.6700,1.1900
2005-07-01,424,7.0000,874,3614,1779,1194,14581,57.6000,7.6300,143.9000,107.5000,298,0.2100,2.4200,1.2100
2005-08-01,438,7.0000,898,3798,1868,1298,14893,64.1000,9.6300,149.4000,101.7000,274,0.2200,2.3900,1.1900
2005-09-01,456,7.2000,915,3858,1840,1398,14228,63.0000,12.8800,159.7000,96.4000,263,0.2300,2.1900,1.2100
2005-10-01,470,7.7000,931,4060,1929,1488,12403,58.5000,13.5200,167.8000,101.9000,257,0.2500,2.3200,1.2800
2005-11-01,477,7.9000,963,4269,2051,1611,12116,55.5000,10.4300,161.1000,95.4000,256,0.2500,2.3800,1.2500
2005-12-01,510,8.6000,977,4577,2247,1822,13429,56.7000,12.8300,164.4000,102.1000,264,0.2900,2.3300,1.2500
2006-01-01,550,9.1000,1026,4734,2378,2090,14555,63.6000,8.6600,167.2000,102.7000,257,0.3500,2.7400,1.2900
2006-02-01,555,9.5000,1042,4982,2455,2219,14979,59.9000,7.4900,179.8000,107.1000,257,0.4000,2.6300,1.3200
2006-03-01,557,10.4000,1041,5103,2429,2417,14897,62.3000,6.9000,174.4000,105.3000,257,0.3800,2.5100,1.2700
2006-04-01,611,12.6000,1099,6388,2621,3085,17942,70.4000,7.0900,180.3000,107.7000,258,0.3900,2.5400,1.2400
2006-05-01,675,13.4000,1261,8046,2861,3566,21077,70.2000,6.2000,193.2000,110.6000,266,0.3700,2.4100,1.2000
2006-06-01,596,10.8000,1189,7198,2477,3226,20755,68.9000,6.1900,195.2000,109.4000,267,0.3400,2.2700,1.2200
2006-07-01,634,11.2000,1229,7712,2513,3340,26586,73.9000,6.2500,202.4000,114.0000,272,0.3500,2.3100,1.2200
2006-08-01,633,12.2000,1234,7696,2460,3347,30744,73.6000,7.0000,189.9000,116.6000,262,0.3000,2.4600,1.3200
2006-09-01,598,11.7000,1184,7602,2473,3403,30131,62.8000,4.8600,196.0000,121.7000,258,0.2700,2.4200,1.3000
2006-10-01,586,11.6000,1082,7500,2655,3823,32703,58.4000,5.9600,212.1000,142.2000,273,0.2600,2.4400,1.2600
2006-11-01,628,12.9000,1183,7029,2703,4382,32114,58.5000,7.4500,209.7000,164.5000,300,0.2600,2.7000,1.2700
2006-12-01,630,13.3000,1121,6675,2814,4405,34570,62.3000,6.5800,204.3000,160.4000,297,0.2600,2.8300,1.3100
2007-01-01,631,12.8000,1147,5670,2809,3787,36811,54.3000,6.5800,196.1000,164.8000,306,0.2400,2.7500,1.3000
2007-02-01,665,13.9000,1205,5676,2832,3310,41184,57.8000,7.9700,200.0000,177.3000,325,0.2300,2.6900,1.2800
2007-03-01,655,13.2000,1219,6452,2762,3271,46325,62.1000,7.1200,199.1000,170.5000,322,0.2300,2.5800,1.2900
2007-04-01,679,13.7000,1276,7766,2815,3557,50267,67.4000,7.5900,198.3000,152.7000,320,0.2100,2.5300,1.2600
2007-05-01,667,13.1000,1301,7681,2793,3831,52179,67.5000,7.6100,195.7000,160.2000,334,0.2100,2.5000,1.2200
2007-06-01,656,13.1000,1286,7474,2677,3603,41719,71.3000,7.3000,223.0000,165.2000,361,0.2000,2.6300,1.3400
2007-07-01,665,12.9000,1303,7973,2732,3546,33426,77.2000,6.2200,238.4000,146.8000,376,0.2200,2.5900,1.5000
2007-08-01,665,12.3000,1264,7514,2516,3253,27652,70.8000,6.2000,259.7000,151.2000,385,0.2200,2.7200,1.4700
2007-09-01,713,12.8000,1308,7649,2391,2881,29538,77.1000,6.1000,326.5000,159.4000,426,0.2200,2.8200,1.5000
2007-10-01,755,13.7000,1411,8008,2442,2975,31055,82.9000,6.8000,335.1000,164.2000,450,0.2200,2.9600,1.5200
2007-11-01,806,14.7000,1449,6967,2507,2541,30610,92.5000,7.1400,321.8000,171.3000,489,0.2200,2.8900,1.5400
2007-12-01,803,14.3000,1493,6588,2382,2353,25992,91.5000,7.1500,368.6000,180.3000,504,0.2400,3.0300,1.5300
2008-01-01,890,15.9000,1583,7061,2446,2340,27690,91.9000,8.0000,370.7000,206.7000,529,0.2600,3.0800,1.6100
2008-02-01,922,17.6000,2000,7888,2777,2438,27955,94.8000,8.5500,425.0000,220.1000,574,0.3000,3.4700,1.6500
2008-03-01,968,19.3000,2025,8439,3005,2511,31225,103.3000,9.4000,439.7000,234.4000,559,0.2900,3.3000,1.7700
2008-04-01,910,17.5000,1988,8685,2959,2264,28763,110.2000,10.1300,362.2000,246.4000,549,0.2800,3.1000,1.6600
2008-05-01,889,17.1000,2052,8383,2903,2182,25735,123.9000,11.2300,328.8000,243.5000,566,0.2700,3.1300,1.6300
2008-06-01,889,17.0000,2039,8261,2958,1894,22549,133.0000,12.6800,348.6000,287.1000,635,0.2700,3.2200,1.7000
2008-07-01,940,18.0000,1904,8414,3071,1852,20160,133.9000,11.1500,328.2000,265.3000,637,0.3100,3.2500,1.7000
2008-08-01,839,14.6000,1486,7635,2764,1723,18928,113.8000,8.2500,329.3000,235.0000,557,0.3200,3.2300,1.7200
2008-09-01,830,12.4000,1223,6991,2526,1735,17795,99.1000,7.6900,295.6000,233.8000,525,0.3000,3.1600,1.6200
2008-10-01,807,10.4000,913,4926,2121,1302,12140,72.8000,6.7300,237.4000,183.1000,400,0.2600,2.7200,1.3700
2008-11-01,761,9.9000,840,3717,1852,1153,10702,53.2000,6.6700,226.8000,163.8000,372,0.2700,2.6900,1.2100
2008-12-01,816,10.3000,840,3072,1490,1101,9686,41.6000,5.7900,220.1000,158.3000,359,0.2600,2.6200,1.2200
2009-01-01,859,11.3000,947,3221,1413,1187,11307,44.9000,5.2400,239.1000,172.8000,401,0.2800,2.8300,1.2700
2009-02-01,943,13.4000,1033,3315,1330,1112,10409,43.2000,4.5200,224.7000,163.4000,374,0.2900,2.8500,1.2200
2009-03-01,924,13.1000,1082,3750,1336,1217,9696,46.8000,3.9500,231.0000,164.6000,373,0.3000,2.8300,1.1400
2009-04-01,890,12.5000,1165,4407,1421,1379,11166,50.8000,3.5000,233.5000,168.5000,388,0.3000,2.9700,1.2500
2009-05-01,929,14.0000,1129,4569,1460,1484,12635,57.9000,3.8100,261.5000,179.9000,426,0.3500,3.3300,1.3700
2009-06-01,946,14.7000,1218,5014,1574,1557,14960,68.6000,3.8000,256.6000,179.5000,442,0.3600,3.3000,1.3500
2009-07-01,934,13.4000,1162,5216,1668,1579,15985,64.9000,3.3900,224.9000,151.6000,431,0.4100,3.1100,1.4300
2009-08-01,949,14.4000,1245,6165,1934,1822,19642,72.5000,3.1500,210.4000,152.0000,498,0.4900,3.3000,1.4200
2009-09-01,997,16.4000,1289,6196,1834,1884,17473,67.7000,2.9600,191.1000,150.4000,425,0.5100,3.2700,1.4100
2009-10-01,1043,17.2000,1333,6288,1879,2072,18525,73.2000,4.0200,198.8000,167.3000,430,0.5000,3.4100,1.4700
2009-11-01,1127,17.8000,1401,6676,1949,2193,16991,77.0000,3.6900,211.0000,171.6000,447,0.4900,3.3600,1.5800
2009-12-01,1135,17.6000,1437,6982,2180,2376,17066,74.7000,5.3700,206.3000,164.6000,449,0.5200,3.4900,1.6800
2010-01-01,1118,17.7000,1558,7386,2235,2434,18439,76.4000,5.8100,201.2000,167.3000,436,0.5800,3.5000,1.7100
2010-02-01,1095,15.9000,1520,6848,2049,2157,18976,74.3000,5.3400,194.0000,161.8000,412,0.5600,3.4800,1.7600
2010-03-01,1113,17.1000,1599,7463,2206,2275,22461,79.3000,4.2900,191.1000,159.0000,409,0.4100,3.6300,1.8900
2010-04-01,1149,18.1000,1711,7745,2317,2367,26031,85.0000,4.0100,192.9000,157.1000,403,0.3600,3.7300,1.9400
2010-05-01,1205,18.4000,1625,6838,2041,1968,22008,76.3000,4.1600,181.6000,163.4000,403,0.3400,3.8200,1.9900
2010-06-01,1233,18.5000,1553,6499,1931,1743,19389,74.8000,4.7900,157.7000,152.7000,401,0.3500,4.2100,2.0500
2010-07-01,1193,18.0000,1526,6735,1988,1844,19518,74.7000,4.6300,195.8000,163.8000,428,0.3800,4.4800,1.8600
2010-08-01,1216,18.4000,1541,7284,2118,2045,21413,76.7000,4.3100,246.2000,175.6000,450,0.4100,4.6600,1.9900
2010-09-01,1271,20.5000,1592,7709,2162,2151,22643,77.8000,3.9000,271.7000,205.9000,468,0.5000,4.9100,2.3100
2010-10-01,1342,23.4000,1689,8292,2347,2372,23807,82.9000,3.4300,270.2000,235.8000,496,0.5400,4.8000,2.7900
2010-11-01,1370,26.5000,1693,8470,2333,2292,22909,85.7000,3.7300,274.1000,238.2000,514,0.5800,5.1500,3.4100
2010-12-01,1391,29.3000,1711,9147,2351,2281,24111,91.8000,4.2400,306.5000,250.4000,546,0.6200,5.4700,3.7000
2011-01-01,1360,28.5000,1785,9556,2440,2372,25646,96.3000,4.4900,326.6000,264.9000,568,0.6500,5.8200,3.9400
2011-02-01,1375,30.8000,1826,9868,2508,2465,28252,104.0000,4.0700,348.1000,292.9000,566,0.6500,6.3500,4.7000
2011-03-01,1423,35.8000,1770,9503,2556,2341,26710,114.4000,3.9700,316.7000,290.5000,553,0.5800,6.4400,5.0600
2011-04-01,1481,42.7000,1798,9493,2678,2362,26408,123.1000,4.2400,336.1000,319.3000,557,0.5400,6.6200,4.7800
2011-05-01,1513,37.3000,1787,8960,2596,2167,24237,114.5000,4.3100,355.3000,307.9000,557,0.4800,6.4200,3.6500
2011-06-01,1529,35.8000,1769,9067,2558,2234,22421,113.8000,4.5500,326.4000,310.6000,556,0.5600,6.0600,3.1800
2011-07-01,1573,37.9000,1760,9650,2525,2398,23848,116.5000,4.4100,303.9000,300.8000,557,0.6200,5.9100,2.6900
2011-08-01,1759,40.3000,1805,9001,2379,2200,21845,110.1000,4.0500,327.1000,310.2000,553,0.6100,5.9600,2.5200
2011-09-01,1772,38.2000,1748,8300,2293,2075,20378,110.9000,3.9000,315.9000,295.3000,532,0.5900,6.0600,2.5800
2011-10-01,1666,32.0000,1535,7394,2181,1871,19039,109.5000,3.5700,289.0000,274.8000,491,0.5600,5.4600,2.4400
2011-11-01,1739,33.1000,1597,7581,2080,1935,17873,110.5000,3.2400,281.0000,274.4000,478,0.5300,5.4000,2.3100
2011-12-01,1640,30.3000,1455,7565,2022,1905,18267,107.9000,3.1600,269.0000,258.6000,483,0.5100,5.2200,2.1000
2012-01-01,1654,30.7000,1499,8040,2144,1982,19855,111.2000,2.6800,274.9000,272.8000,503,0.5200,5.2300,2.2300
2012-02-01,1745,34.1000,1658,8441,2208,2058,20394,119.7000,2.5200,277.8000,279.5000,523,0.5300,4.9400,2.2200
2012-03-01,1676,33.0000,1655,8471,2184,2036,18661,124.9000,2.1700,283.9000,280.7000,547,0.5300,4.4400,2.1900
2012-04-01,1649,31.5000,1586,8289,2050,2002,17940,120.5000,1.9500,266.3000,274.0000,584,0.5000,4.2200,2.2000
2012-05-01,1589,28.7000,1471,7956,2008,1936,17068,110.5000,2.4400,264.4000,269.3000,577,0.4600,4.0700,1.9500
2012-06-01,1599,28.0000,1444,7423,1890,1859,16549,95.6000,2.4600,276.2000,267.3000,578,0.4500,3.7200,1.8100
2012-07-01,1594,27.4000,1426,7584,1876,1848,16128,103.1000,2.9500,345.7000,333.1000,670,0.5000,4.2000,1.8500
2012-08-01,1630,28.8000,1453,7516,1845,1818,15735,113.3000,2.8400,349.4000,332.0000,684,0.4600,3.8500,1.8600
2012-09-01,1745,33.6000,1624,8088,2064,2010,17288,113.4000,2.8400,353.4000,320.8000,677,0.4400,3.9500,1.8600
2012-10-01,1747,33.2000,1636,8062,1974,1904,17169,112.0000,3.3200,358.2000,321.2000,626,0.4500,3.8200,1.8100
2012-11-01,1722,32.8000,1576,7711,1949,1912,16335,109.7000,3.5400,360.8000,321.6000,585,0.4300,3.5300,1.7800
2012-12-01,1685,31.9000,1582,7966,2087,2040,17449,109.7000,3.3400,348.0000,308.6000,591,0.4300,3.3700,1.8400
2013-01-01,1672,31.1000,1639,8047,2038,2032,17473,113.0000,3.3300,335.5000,303.1000,595,0.4200,3.4700,1.8900
2013-02-01,1628,30.3000,1675,8061,2054,2129,17690,116.5000,3.3300,318.9000,302.7000,611,0.4000,3.3000,1.9800
2013-03-01,1593,28.8000,1583,7646,1910,1926,16725,109.2000,3.8100,309.7000,309.0000,585,0.4100,3.3000,2.0800
2013-04-01,1488,25.4000,1493,7234,1862,1856,15673,102.9000,4.1700,308.3000,279.9000,564,0.3900,3.3000,2.0300
2013-05-01,1414,23.0000,1475,7249,1832,1832,14948,103.0000,4.0400,319.7000,295.5000,498,0.3900,3.2400,2.0400
2013-06-01,1343,21.1000,1430,7000,1815,1839,14280,103.1000,3.8300,313.4000,298.4000,525,0.3800,3.0500,2.0500
2013-07-01,1286,19.7000,1401,6907,1770,1838,13750,107.7000,3.6200,304.6000,279.5000,511,0.3700,3.0500,2.0400
2013-08-01,1352,21.9000,1496,7193,1818,1899,14315,111.0000,3.4300,305.3000,238.7000,512,0.3800,2.9800,2.0400
2013-09-01,1349,22.6000,1457,7159,1761,1847,13801,111.6000,3.6200,307.5000,207.4000,560,0.3800,2.9200,1.9900
2013-10-01,1317,21.9000,1413,7203,1815,1885,14118,109.5000,3.6700,325.7000,201.7000,541,0.4100,2.8400,1.9700
2013-11-01,1276,20.8000,1420,7071,1748,1866,13684,108.1000,3.6200,306.8000,199.1000,551,0.3900,2.6900,1.8700
2013-12-01,1222,19.7000,1356,7215,1740,1975,13925,110.7000,4.2400,291.6000,197.4000,564,0.3600,2.7800,1.9300
2014-01-01,1244,19.9000,1421,7291,1727,2037,14101,107.4000,4.7000,275.6000,198.1000,566,0.3400,2.9300,2.0100
2014-02-01,1300,20.8000,1410,7149,1695,2035,14204,108.8000,5.9700,292.1000,209.3000,491,0.3700,3.8300,2.0700
2014-03-01,1336,20.7000,1452,6650,1705,2008,15678,107.4000,4.8800,323.7000,222.3000,531,0.3900,4.7200,2.1400
2014-04-01,1298,19.7000,1430,6674,1811,2027,17374,107.8000,4.6300,324.8000,222.4000,516,0.3900,4.9300,2.0800
2014-05-01,1289,19.3000,1456,6891,1751,2059,19401,109.7000,4.5600,334.7000,217.3000,519,0.4000,4.7200,2.0400
2014-06-01,1279,19.9000,1453,6821,1839,2128,18629,111.9000,4.5700,306.4000,202.4000,511,0.4000,4.3600,2.0000
2014-07-01,1311,20.9000,1492,7113,1948,2311,19118,107.0000,4.0100,280.4000,182.7000,472,0.4000,4.3400,1.8500
2014-08-01,1295,19.7000,1446,7002,2030,2327,18600,101.9000,3.8800,263.5000,176.4000,459,0.3800,4.7000,1.6300
2014-09-01,1237,18.4000,1359,6872,1990,2295,18035,97.3000,3.9200,243.6000,163.1000,430,0.3500,4.6400,1.6200
2014-10-01,1222,17.2000,1260,6737,1946,2277,15812,87.3000,3.7700,245.4000,163.1000,426,0.3700,4.9700,1.5500
2014-11-01,1175,16.0000,1208,6713,2056,2253,15807,78.4000,4.1000,258.7000,178.7000,450,0.3600,4.6200,1.4900
2014-12-01,1201,16.3000,1215,6446,1909,2176,15962,62.3000,3.4300,269.7000,178.7000,448,0.3400,4.3400,1.5100
2015-01-01,1251,17.2000,1242,5831,1815,2113,14849,48.1000,2.9700,248.4000,174.7000,433,0.3400,4.1900,1.4800
2015-02-01,1227,16.8000,1197,5729,1818,2098,14574,57.9000,2.8500,237.0000,173.7000,424,0.3200,3.9400,1.5400
2015-03-01,1179,16.2000,1139,5940,1774,2029,13756,55.8000,2.8000,230.8000,174.2000,410,0.2900,3.5400,1.5300
2015-04-01,1199,16.3000,1151,6042,1819,2213,12831,59.4000,2.5800,223.4000,172.1000,395,0.2900,3.6200,1.5800
2015-05-01,1199,16.8000,1140,6295,1804,2282,13511,64.6000,2.8400,215.3000,166.3000,388,0.2900,3.4900,1.6100
2015-06-01,1182,16.1000,1089,5833,1688,2082,12825,62.3000,2.7700,209.8000,166.7000,391,0.2700,3.5200,1.6000
2015-07-01,1128,15.1000,1009,5457,1640,2001,11413,55.9000,2.8300,197.3000,179.6000,406,0.2800,3.4100,1.6000
2015-08-01,1118,14.9000,984,5127,1548,1808,10386,47.0000,2.7600,179.7000,162.6000,379,0.2500,3.4600,1.5800
2015-09-01,1125,14.8000,964,5217,1590,1720,9938,47.2000,2.6500,172.7000,165.6000,367,0.2600,3.2200,1.5200
2015-10-01,1159,15.8000,977,5216,1516,1724,10317,48.1000,2.3200,172.7000,171.4000,376,0.3100,3.3800,1.5200
2015-11-01,1086,14.5000,885,4800,1468,1583,9244,44.4000,2.0800,177.1000,166.2000,368,0.3200,3.2600,1.5300
2015-12-01,1076,14.1000,860,4639,1497,1528,8708,37.7000,1.9200,189.2000,163.9000,368,0.3200,3.2800,1.5500
2016-01-01,1098,14.1000,855,4472,1481,1520,8507,30.8000,2.2700,193.3000,161.0000,373,0.3100,3.2000,1.5200
2016-02-01,1200,15.2000,919,4599,1531,1710,8299,33.2000,1.9600,187.0000,159.7000,374,0.2900,3.2600,1.4700
2016-03-01,1245,15.5000,968,4954,1531,1802,8717,39.1000,1.7000,191.1000,159.1000,381,0.3400,3.4700,1.4400
2016-04-01,1242,16.4000,994,4873,1571,1855,8879,42.3000,1.9000,187.4000,164.4000,395,0.3400,3.4000,1.5300
2016-05-01,1261,16.9000,1036,4695,1551,1869,8660,47.1000,1.9200,172.0000,169.0000,423,0.3800,3.4200,1.5500
2016-06-01,1276,17.3000,984,4642,1594,2026,8928,48.5000,2.5700,173.1000,179.9000,457,0.4300,3.6500,1.6300
2016-07-01,1337,20.0000,1088,4865,1629,2183,10263,45.1000,2.7900,151.8000,161.8000,431,0.4300,3.7900,1.7900
2016-08-01,1340,19.6000,1122,4752,1639,2279,10336,46.1000,2.7900,149.2000,150.2000,412,0.4400,3.6900,1.7700
2016-09-01,1327,19.4000,1047,4722,1592,2292,10192,46.2000,2.9700,150.6000,148.4000,404,0.4700,3.8900,1.7200
2016-10-01,1267,17.7000,959,4731,1666,2312,10260,49.7000,2.9500,151.8000,152.3000,402,0.4900,3.9500,1.7300
2016-11-01,1238,17.4000,955,5451,1737,2566,11129,46.4000,2.5000,150.6000,151.8000,398,0.4500,4.0600,1.7400
2016-12-01,1157,16.4000,918,5660,1728,2665,10972,54.1000,3.5800,141.8000,152.4000,416,0.4100,3.5700,1.7500
2017-01-01,1192,16.9000,971,5755,1791,2715,9971,54.9000,3.2600,153.2000,160.0000,412,0.4500,3.7200,1.8200
2017-02-01,1234,17.9000,1008,5941,1861,2846,10643,55.5000,2.8200,155.1000,162.9000,395,0.4500,3.6700,1.8800
2017-03-01,1231,17.6000,963,5825,1901,2777,10205,52.0000,2.8900,154.3000,159.0000,384,0.4000,3.5300,1.9100
2017-04-01,1267,18.0000,961,5684,1921,2615,9609,53.0000,3.0800,166.1000,156.4000,387,0.3600,3.4300,1.9200
2017-05-01,1246,16.7000,930,5600,1913,2590,9155,50.9000,3.1200,180.4000,158.6000,390,0.3500,3.3100,1.9500
2017-06-01,1260,16.9000,931,5720,1885,2573,8932,46.9000,2.9400,189.6000,157.9000,379,0.3100,3.1600,1.8700
2017-07-01,1237,16.2000,919,5985,1903,2787,9491,48.7000,2.9600,202.5000,157.5000,410,0.3200,3.3000,1.8500
2017-08-01,1283,17.0000,973,6486,2030,2981,10890,51.4000,2.8800,171.2000,148.5000,393,0.3200,3.3000,1.7500
2017-09-01,1314,17.4000,964,6577,2096,3117,11216,55.2000,2.9600,178.6000,147.3000,394,0.3200,3.2300,1.7800
2017-10-01,1280,16.9000,921,6808,2131,3265,11336,57.6000,2.8600,175.6000,148.6000,397,0.3200,3.1000,1.7300
2017-11-01,1282,17.0000,934,6827,2097,3229,11972,62.6000,2.9900,179.7000,148.7000,394,0.3300,3.1100,1.7700
2017-12-01,1264,16.2000,907,6834,2080,3196,11495,64.2000,2.7600,184.1000,149.0000,387,0.3200,3.0300,1.8800
2018-01-01,1331,17.1000,990,7066,2210,3442,12865,69.0000,3.8600,192.2000,155.8000,390,0.3100,3.0600,2.0100
2018-02-01,1331,16.6000,987,7007,2182,3533,13596,65.4000,2.6700,192.2000,163.4000,416,0.3000,3.0000,1.9500
2018-03-01,1325,16.5000,955,6799,2069,3269,13393,66.5000,2.7000,192.2000,172.0000,430,0.2800,2.9800,2.0300
2018-04-01,1335,16.6000,924,6852,2255,3188,13938,71.6000,2.7800,213.8000,175.6000,439,0.2700,2.9600,2.0300
2018-05-01,1303,16.5000,905,6825,2300,3060,14366,76.7000,2.8000,213.8000,179.1000,430,0.2700,2.9900,2.0800
2018-06-01,1282,16.5000,885,6966,2238,3089,15106,75.2000,2.9500,219.4000,165.1000,394,0.2800,2.9500,2.1500
2018-07-01,1238,15.7000,832,6251,2082,2656,13794,74.4000,2.8300,218.3000,156.5000,377,0.2600,2.8800,2.1200
2018-08-01,1202,15.0000,805,6051,2052,2512,13411,73.1000,2.9600,236.6000,162.4000,377,0.2400,2.7600,2.0800
2018-09-01,1198,14.3000,805,6051,2026,2435,12510,78.9000,2.9800,212.4000,154.8000,357,0.2500,2.6700,1.9900
2018-10-01,1215,14.6000,830,6220,2030,2674,12315,80.5000,3.2800,213.5000,160.3000,368,0.2900,3.0300,1.9100
2018-11-01,1221,14.4000,846,6196,1939,2596,11240,65.2000,4.1300,203.6000,160.7000,374,0.2800,3.0200,1.9100
2018-12-01,1250,14.8000,791,6075,1920,2616,10835,56.5000,3.9800,211.3000,167.4000,381,0.2800,2.8000,1.9000
2019-01-01,1292,15.6000,807,5939,1854,2570,11523,59.3000,3.0800,209.8000,166.7000,382,0.2800,2.8300,1.8200
2019-02-01,1320,15.8000,818,6300,1863,2707,12685,64.1000,2.7200,219.0000,169.5000,380,0.2900,2.8300,1.7900
2019-03-01,1301,15.3000,843,6439,1871,2851,13026,66.4000,2.9400,205.8000,166.2000,370,0.2800,2.7300,1.8500
2019-04-01,1286,15.1000,887,6438,1845,2933,12773,71.2000,2.6500,199.5000,161.5000,360,0.2800,2.6700,1.9200
2019-05-01,1284,14.7000,834,6018,1781,2743,12016,70.5000,2.6300,199.5000,171.1000,340,0.2700,2.6600,1.7700
2019-06-01,1359,15.0000,808,5882,1756,2601,11944,63.3000,2.4000,206.1000,195.1000,359,0.2800,2.8600,1.7100
2019-07-01,1413,15.8000,844,5941,1797,2447,13546,64.0000,2.3600,196.2000,189.4000,370,0.2800,2.9900,1.6700
2019-08-01,1500,17.2000,859,5709,1741,2273,15749,59.3000,2.2200,181.1000,163.6000,361,0.2700,2.7800,1.5600
2019-09-01,1511,18.2000,945,5759,1754,2332,17657,62.3000,2.5800,189.6000,157.3000,366,0.2600,2.8400,1.5700
2019-10-01,1495,17.6000,897,5757,1726,2452,17046,59.4000,2.3300,199.5000,167.1000,382,0.2800,2.8000,1.6300
2019-11-01,1471,17.2000,902,5860,1775,2425,15172,62.7000,2.6500,203.2000,166.3000,376,0.2800,3.1100,1.6500
2019-12-01,1479,17.1000,924,6077,1771,2273,13829,65.9000,2.2400,210.9000,167.0000,383,0.3000,3.4600,1.6700
2020-01-01,1561,18.0000,987,6031,1773,2354,13507,63.6000,2.0300,224.5000,171.8000,387,0.3100,3.1300,1.7400
2020-02-01,1597,17.9000,961,5688,1688,2113,12716,55.0000,1.9200,215.3000,168.7000,376,0.3300,2.9900,1.6900
2020-03-01,1592,14.9000,759,5183,1611,1904,11846,33.0000,1.7900,209.1000,162.4000,373,0.2600,3.2700,1.4900
2020-04-01,1683,15.1000,754,5058,1460,1903,11804,23.3000,1.7400,219.0000,146.9000,361,0.2300,3.4100,1.4000
2020-05-01,1716,16.3000,790,5240,1466,1975,12180,31.0000,1.7500,205.8000,143.9000,359,0.2400,3.3000,1.4500
2020-06-01,1732,17.7000,821,5755,1569,2026,12727,39.9000,1.6100,198.4000,148.0000,370,0.2700,3.1200,1.4900
2020-07-01,1847,20.6000,865,6372,1644,2177,13402,42.8000,1.7400,222.1000,152.6000,381,0.2700,3.2400,1.5100
2020-08-01,1969,27.0000,940,6499,1737,2410,14538,44.3000,2.3000,223.0000,149.3000,385,0.2900,3.6000,1.5400
2020-09-01,1922,25.7000,908,6705,1744,2442,14857,41.1000,1.9200,247.7000,166.1000,423,0.2800,3.6700,1.5600
2020-10-01,1900,24.2000,876,6714,1806,2441,15239,40.5000,2.2500,272.4000,186.7000,454,0.3000,3.3500,1.6500
2020-11-01,1866,24.1000,912,7069,1935,2672,15808,43.2000,2.5900,273.0000,190.4000,500,0.3100,3.3200,1.7100
2020-12-01,1858,25.0000,1028,7772,2015,2780,16823,49.9000,2.5400,268.6000,198.8000,511,0.3100,3.4800,1.7900
2021-01-01,1867,25.9000,1091,7972,2004,2705,17863,54.6000,2.6700,289.3000,234.5000,576,0.3400,3.5400,1.9200
2021-02-01,1808,27.3000,1207,8471,2079,2745,18584,62.0000,5.0700,289.4000,245.2000,578,0.3600,3.6700,2.0500
2021-03-01,1718,25.6000,1181,8988,2190,2792,16407,65.2000,2.5600,273.1000,245.2000,586,0.3400,3.6800,2.0200
2021-04-01,1760,25.7000,1209,9325,2319,2829,16521,64.8000,2.6100,281.0000,268.2000,597,0.3600,3.7200,2.0000
2021-05-01,1850,27.5000,1214,10162,2434,2966,17577,68.0000,2.8900,297.3000,305.3000,647,0.3800,4.1100,2.0000
2021-06-01,1835,27.0000,1124,9632,2447,2952,17980,73.1000,3.2300,285.6000,292.6000,615,0.3800,4.2400,2.0800
2021-07-01,1808,25.7000,1086,9451,2498,2948,18819,74.4000,3.8000,294.3000,278.4000,600,0.3900,4.5000,2.1500
2021-08-01,1785,24.0000,1009,9370,2603,2988,19141,70.0000,4.0500,324.5000,256.6000,586,0.4300,4.7700,2.2300
2021-09-01,1775,23.2000,973,9325,2835,3036,19377,74.6000,5.1100,337.6000,235.6000,558,0.4300,4.9700,2.2900
2021-10-01,1777,23.4000,1017,9829,2934,3360,19362,83.7000,5.4800,354.7000,239.6000,552,0.4200,5.3100,2.5900
2021-11-01,1822,24.2000,1038,9729,2636,3311,19933,80.8000,5.0200,379.5000,248.7000,551,0.4300,5.7100,2.7900
2021-12-01,1790,22.5000,945,9551,2696,3399,20016,74.3000,3.7300,376.8000,264.5000,554,0.4200,5.9100,2.6500
2022-01-01,1816,23.2000,994,9782,3006,3599,22355,85.5000,4.3300,374.2000,276.6000,606,0.4000,5.9800,2.9100
2022-02-01,1856,23.5000,1049,9943,3246,3620,24016,95.8000,4.6600,390.5000,292.6000,662,0.3900,6.1700,3.0500
2022-03-01,1948,25.3000,1043,10231,3498,3962,33924,115.6000,4.8800,486.3000,335.5000,721,0.4200,5.7000,3.1100
2022-04-01,1937,24.5000,965,10161,3244,4360,33133,105.8000,6.5300,495.3000,348.2000,721,0.4300,5.8500,3.4200
2022-05-01,1849,21.9000,958,9377,2830,3751,28063,112.4000,8.1400,522.3000,344.8000,724,0.4300,5.7400,3.6100
2022-06-01,1837,21.6000,957,9024,2563,3630,25659,120.1000,7.6700,459.6000,335.7000,737,0.4200,6.0300,3.4000
2022-07-01,1733,19.1000,869,7545,2408,3105,21482,108.9000,7.2600,382.5000,323.0000,678,0.4000,5.6400,2.8900
2022-08-01,1765,19.7000,909,7982,2431,3588,22057,98.6000,8.7900,382.9000,289.8000,671,0.3900,5.9200,2.7400
2022-09-01,1681,18.9000,881,7746,2225,3125,22774,90.2000,7.7600,419.1000,312.7000,664,0.3900,5.9000,2.5900
2022-10-01,1664,19.4000,915,7651,2256,2967,22033,93.1000,5.6200,438.0000,343.6000,626,0.3900,5.2900,2.2000
2022-11-01,1725,21.0000,989,8050,2351,2939,25563,91.1000,5.2800,422.7000,320.9000,649,0.4100,4.7200,2.2300
2022-12-01,1798,23.3000,1011,8375,2402,3129,28947,80.9000,5.5000,386.3000,302.2000,646,0.4200,4.6300,2.2200
2023-01-01,1898,23.7000,1053,9038,2502,3310,28195,83.1000,3.2700,380.4000,302.8000,627,0.4200,4.5600,2.2100
2023-02-01,1855,21.9000,959,8937,2416,3134,26728,82.7000,2.3800,394.8000,298.2000,651,0.4500,5.0600,2.1900
2023-03-01,1913,22.0000,971,8856,2296,2967,23289,78.5000,2.3000,369.9000,282.5000,628,0.4500,4.9000,2.1000
2023-04-01,2000,25.0000,1051,8809,2343,2768,23895,84.1000,2.1600,378.2000,291.1000,615,0.5300,5.0600,2.1000
2023-05-01,1992,24.3000,1063,8217,2269,2476,21970,75.7000,2.1500,367.7000,268.1000,595,0.5600,4.8500,2.0700
2023-06-01,1943,23.4000,971,8397,2185,2375,21233,74.9000,2.1800,345.5000,266.9000,592,0.5400,4.5700,2.0400
2023-07-01,1951,24.3000,950,8477,2160,2405,21091,80.1000,2.5500,345.5000,242.4000,634,0.5200,4.2700,2.0500
2023-08-01,1919,23.4000,925,8349,2137,2407,20439,86.2000,2.5800,315.8000,207.6000,584,0.5300,4.1200,2.1100
2023-09-01,1916,23.1000,921,8277,2185,2496,19645,94.0000,2.6400,314.7000,223.8000,619,0.5800,4.0500,2.1600
2023-10-01,1916,22.4000,892,7937,2192,2449,18281,91.1000,2.9900,298.1000,230.7000,530,0.5700,4.0500,2.1100
2023-11-01,1984,23.5000,906,8190,2202,2544,17027,83.2000,2.7100,283.6000,211.3000,553,0.5700,4.3500,1.9900
2023-12-01,2026,23.9000,935,8400,2182,2502,16461,77.9000,2.5300,291.1000,206.5000,547,0.4800,4.6500,2.0000
2024-01-01,2034,22.9000,926,8339,2193,2515,16104,80.2000,3.1800,283.9000,198.6000,547,0.4800,4.4700,2.0300
2024-02-01,2023,22.7000,894,8305,2179,2360,16338,83.8000,1.7200,278.5000,189.1000,520,0.5000,4.6000,2.2000
2024-03-01,2158,24.5000,909,8689,2226,2461,17439,85.4000,1.5000,274.8000,190.6000,487,0.4800,4.6100,2.2000
2024-04-01,2331,27.5000,940,9464,2506,2733,18164,90.1000,1.6000,272.3000,191.7000,477,0.4500,5.2700,1.9900
2024-05-01,2351,29.4000,1015,10139,2565,2959,19587,82.0000,2.1300,289.4000,197.8000,490,0.4200,5.0800,1.9100
2024-06-01,2326,29.6000,985,9648,2498,2809,17498,82.6000,2.5100,265.6000,192.5000,480,0.4300,5.4800,1.8300
2024-07-01,2398,29.8000,979,9385,2349,2777,16335,85.3000,2.0800,260.3000,177.4000,470,0.4300,5.6700,1.7900
2024-08-01,2470,28.5000,945,8972,2344,2714,16292,80.9000,1.9900,250.9000,170.3000,400,0.4100,5.7600,1.7600
2024-09-01,2571,30.1000,967,9237,2450,2837,16077,74.3000,2.2500,269.7000,185.0000,391,0.4500,6.1200,1.8200
2024-10-01,2690,32.4000,999,9534,2596,3106,16766,75.7000,2.2100,272.9000,190.3000,442,0.4600,6.1000,1.8400
2024-11-01,2651,31.1000,966,9076,2582,3004,15723,74.4000,2.1000,253.8000,201.3000,436,0.4500,6.7200,1.8000
2024-12-01,2648,30.8000,938,8916,2541,3034,15445,73.8000,3.0200,252.2000,202.6000,409,0.4400,7.5700,1.7600
2025-01-01,2710,30.4000,949,8991,2573,2819,15394,79.2000,4.1000,254.1000,214.4000,411,0.4000,7.8100,1.7200
2025-02-01,2895,32.2000,978,9331,2658,2800,15288,75.2000,4.2200,264.6000,220.9000,412,0.4200,9.0500,1.7200
2025-03-01,2983,33.2000,980,9740,2658,2889,16066,72.6000,4.1300,255.4000,207.4000,401,0.4200,8.9200,1.7100
2025-04-01,3218,32.2000,959,9177,2372,2622,15113,67.7000,3.4000,249.6000,215.0000,408,0.4000,8.6400,1.7300
2025-05-01,3309,32.8000,980,9533,2449,2644,15346,64.2000,3.1200,237.0000,203.9000,414,0.3900,8.7700,1.7200
2025-06-01,3353,36.0000,1251,9835,2526,2655,15003,71.5000,3.0200,240.1000,196.1000,416,0.3700,8.0100,1.7300
2025-07-01,3340,37.7000,1391,9771,2606,2763,15034,71.0000,3.1900,235.0000,192.0000,410,0.3700,7.1800,1.7400
2025-08-01,3368,38.2000,1343,9670,2597,2789,14949,68.2000,2.9100,231.1000,185.5000,407,0.3700,8.0800,1.7300
2025-09-01,3668,42.8000,1435,9984,2653,2933,15106,68.0000,2.9700,233.8000,197.4000,404,0.3500,8.8300,1.7200
2025-10-01,4058,49.4000,1616,10740,2793,3152,15092,64.7000,3.2000,230.8000,198.1000,404,0.3400,8.9000,1.6800
2025-11-01,4087,50.4000,1565,10812,2819,3177,14671,63.6000,3.7900,245.9000,202.0000,446,0.3200,9.0500,1.6600
2025-12-01,4309,62.3000,1893,11785,2876,3168,14884,62.7000,4.2500,242.8000,205.7000,440,0.3200,8.4000,1.6300
2026-01-01,4753,92.1000,2434,13012,3142,3213,17769,66.8000,7.5800,249.9000,204.5000,425,0.3200,8.0200,1.6400
2026-02-01,5020,81.9000,2137,12951,3065,3324,17173,71.1000,3.6100,257.6000,209.6000,459,0.3100,7.0800,1.6300
2026-03-01,4856,77.9000,2046,12529,3373,3182,17076,103.7000,3.0600,276.0000,212.7000,473,0.3300,7.3700,1.7000
2026-04-01,4721,75.9000,2028,12951,3600,3364,17962,120.4000,2.7700,282.0000,214.0000,463,0.3200,7.3000,1.9000
2026-05-01,4587,78.0000,1998,13543,3666,3482,18806,107.5000,2.9300,303.0000,216.2000,473,0.3400,6.9500,2.0300
2026-06-01,4228,66.7000,1726,13552,3439,3539,17588,85.4000,3.1500,286.0000,197.1000,464,0.3200,6.7900,1.9000
2026-07-01,4073,58.8000,1622,13543,3161,3599,16651,83.4000,2.8900,310.0000,213.4000,478,0.3400,7.9100,1.9600
2026-08-01,4411,65.4000,1780,14326,3251,3875,16751,90.9000,2.7700,330.0000,224.0000,482,0.3800,7.9700,2.1100
